permno,tic,qtr,LEVm2,MMM_alt2,boom90os,logSIZEcs
36127,USB,1984q4,10.664405,1.5867647,0,-1.5255349
36127,USB,1985q1,10.69862,1.7427514,0,-1.4850737
36127,USB,1985q2,8.6325741,1.8460708,0,-1.3014435
36127,USB,1985q3,10.090573,1.6494508,0,-1.186591
36127,USB,1985q4,10.194697,1.3939816,0,-1.1555064
36127,USB,1986q1,8.6671124,1.7103812,0,-1.2749135
36127,USB,1986q2,8.0268984,1.732718,1,-1.1684698
36127,USB,1986q3,8.759697,1.5977644,0,-1.1388777
36127,USB,1986q4,10.435981,1.4240781,0,-1.160405
36127,USB,1987q1,9.4081497,1.5093347,0,-1.1592928
36127,USB,1987q2,10.086293,1.4551933,0,-1.0997285
36127,USB,1987q3,8.6967497,1.37274,0,-1.0361645
36127,USB,1987q4,11.074508,1.2852849,0,-.90345234
36127,USB,1988q1,9.3659992,1.3834796,0,-.92468363
36127,USB,1988q2,9.0803261,1.2907017,0,-.75834942
36127,USB,1988q3,10.276065,1.3333875,0,-.84335423
36127,USB,1988q4,10.636986,1.2720416,0,-.80345792
36127,USB,1989q1,9.6234798,1.3127022,0,-.88176262
36127,USB,1989q2,9.1805468,1.3206271,0,-.90296644
36127,USB,1989q3,8.4639158,1.3008953,0,-.86660618
36127,USB,1989q4,9.6846218,1.2444515,0,-.94200987
36127,USB,1990q1,10.980275,1.3237283,0,-.95252371
36127,USB,1990q2,9.718708,1.3354853,0,-.88857561
36127,USB,1990q3,13.128556,1.3306451,0,-.86494625
36127,USB,1990q4,12.976949,1.2514828,0,-.85737234
36127,USB,1991q1,9.8853483,1.2083806,0,-.84370905
36127,USB,1991q2,10.41482,1.1992196,0,-.88426495
36127,USB,1991q3,10.105895,1.2266823,0,-.8755638
36127,USB,1991q4,9.4294643,1.2299199,0,-.80234557
36127,USB,1992q1,8.5759706,1.2362194,0,-.78782493
36127,USB,1992q2,8.8404474,1.3085327,1,-.50452381
36127,USB,1992q3,8.5496588,1.1891308,0,-.6490708
36127,USB,1992q4,7.7629495,1.2497644,1,-.67492241
36127,USB,1993q1,7.1636882,1.2124985,2,-.69418508
36127,USB,1993q2,7.4695535,1.2130342,0,-.69330496
36127,USB,1993q3,7.5585084,1.1667112,0,-.77921057
36127,USB,1993q4,7.7174802,1.2028806,0,-.46018037
36127,USB,1994q1,7.6200089,1.1983303,0,-.39171889
36127,USB,1994q2,7.3931198,1.1963459,0,-.31891072
36127,USB,1994q3,7.989058,1.1645625,1,-.24455637
36127,USB,1994q4,9.0244074,1.1709224,0,-.26368231
36127,USB,1995q1,7.6760283,1.1640325,0,-.23938254
36127,USB,1995q2,7.1612368,1.1682006,1,-.256286
36127,USB,1995q3,6.5921512,1.1718627,2,-.19071093
36127,USB,1995q4,5.9282026,1.1810513,3,-.13618892
36127,USB,1996q1,5.5673499,1.1729928,4,-.13260832
36127,USB,1996q2,5.4269094,1.17206,5,-.086711317
36127,USB,1996q3,4.6329479,1.1748817,6,.014824118
36127,USB,1996q4,4.4513164,1.1970303,7,.040916596
36127,USB,1997q1,3.6834414,1.1845931,8,.18466677
36127,USB,1997q2,3.7445307,1.2536038,9,.23760293
36127,USB,1997q3,3.5118268,1.2305282,10,.15068281
36127,USB,1997q4,3.0519953,1.2546475,11,.2113443
36127,USB,1998q1,3.2175705,1.2253549,12,.26658303
36127,USB,1998q2,3.2027605,1.2266699,13,.36186934
36127,USB,1998q3,3.6760528,1.2330607,0,.57993031
36127,USB,1998q4,2.7268345,1.248729,1,1.1476694
36127,USB,1999q1,2.7386763,1.2461221,2,1.6039238
36127,USB,1999q2,2.8639574,1.2474976,3,1.518966
36127,USB,1999q3,3.5699284,1.2708373,0,1.4594681
36127,USB,1999q4,4.2105551,1.2712785,0,1.8432331
36127,USB,2000q1,3.9868548,1.2462239,0,1.7456151
36127,USB,2000q2,4.3416476,1.2409427,0,1.7804427
36127,USB,2000q3,4.1863208,1.2260606,0,1.5658133
36127,USB,2000q4,4.2166762,1.2384433,0,1.3839778
36127,,2001q1,,,0,
36127,,2001q2,,,0,
36127,,2001q3,,,0,
36127,,2001q4,,,0,
36127,,2002q1,,,0,
36127,,2002q2,,,0,
36127,,2002q3,,,0,
36127,,2002q4,,,0,
36127,,2003q1,,,0,
38703,WFC,1971q1,10.518415,43.360973,0,-.62319404
38703,WFC,1971q2,11.824071,43.360973,0,-.67796099
38703,WFC,1971q3,11.540688,43.360973,0,-.56852829
38703,WFC,1971q4,11.724272,43.360973,0,-.52048451
38703,WFC,1972q1,9.7386274,43.360973,0,-.47066322
38703,WFC,1972q2,10.247184,43.360973,0,-.36144987
38703,WFC,1972q3,9.0984688,43.360973,0,-.12662603
38703,WFC,1972q4,8.7343435,43.360973,1,-.17752543
38703,WFC,1973q1,9.3272161,43.360973,0,-.038944311
38703,WFC,1973q2,9.5747671,43.360973,0,.085308656
38703,WFC,1973q3,9.3186979,43.360973,0,.051397853
38703,WFC,1973q4,9.8460217,43.360973,0,.066612676
38703,WFC,1974q1,10.042134,1.2837692,0,.13261937
38703,WFC,1974q2,16.001909,1.2782654,0,.016750405
38703,WFC,1974q3,23.247168,1.2808372,0,-.17270331
38703,WFC,1974q4,18.225594,1.3324034,0,-.10736832
38703,WFC,1975q1,14.870112,1.282923,0,-.11446428
38703,WFC,1975q2,12.890894,1.3053601,0,-.10822833
38703,WFC,1975q3,15.81987,1.2956201,0,-.078767002
38703,WFC,1975q4,14.503291,1.3001828,0,.045685865
38703,WFC,1976q1,13.122187,1.2877816,0,-.011944416
38703,WFC,1976q2,12.41113,1.2626762,0,.069614932
38703,WFC,1976q3,13.53754,1.2860234,0,-.019923983
38703,WFC,1976q4,11.833628,1.2799935,0,-.038200308
38703,WFC,1977q1,12.963375,1.2488015,0,.011198997
38703,WFC,1977q2,14.419851,1.2629834,0,-.050004605
38703,WFC,1977q3,15.089879,1.283924,0,-.11286284
38703,WFC,1977q4,15.974091,1.2752692,0,-.064797893
38703,WFC,1978q1,17.082396,1.2710017,0,-.068073548
38703,WFC,1978q2,16.048088,1.2797712,0,-.06093549
38703,WFC,1978q3,15.170401,1.292431,0,-.10392841
38703,WFC,1978q4,16.875959,1.3056847,0,-.057774972
38703,WFC,1979q1,17.903589,1.2875184,0,-.085878573
38703,WFC,1979q2,17.856104,1.3104593,0,-.16020198
38703,WFC,1979q3,17.240829,1.2924584,0,-.15550551
38703,WFC,1979q4,18.743639,1.3293753,0,-.16522335
38703,WFC,1980q1,23.808989,1.3241338,0,-.27926266
38703,WFC,1980q2,20.334431,1.3993459,0,-.26107508
38703,WFC,1980q3,21.768991,1.4181838,0,-.33632812
38703,WFC,1980q4,19.163948,1.4580548,0,-.33101827
38703,WFC,1981q1,17.732307,1.367184,0,-.24063453
38703,WFC,1981q2,17.347376,1.3501693,0,-.31010103
38703,WFC,1981q3,22.431767,1.33527,0,-.32700834
38703,WFC,1981q4,23.695162,1.3836646,0,-.44368857
38703,WFC,1982q1,26.210566,1.3335973,0,-.36075768
38703,WFC,1982q2,27.868074,1.3498455,0,-.44015235
38703,WFC,1982q3,28.897991,1.3876262,0,-.47144443
38703,WFC,1982q4,25.920767,1.4264181,0,-.52092838
38703,WFC,1983q1,23.439991,1.3789945,0,-.5793677
38703,WFC,1983q2,19.672756,1.3542877,0,-.43606603
38703,WFC,1983q3,19.147591,1.3197027,0,-.22723272
38703,WFC,1983q4,20.984632,1.356084,0,-.23196696
38703,WFC,1984q1,22.468792,1.3442959,0,-.22034894
38703,WFC,1984q2,29.642126,1.3337151,0,-.25302398
38703,WFC,1984q3,27.674227,1.3398587,0,-.32657975
38703,WFC,1984q4,31.23736,1.4220389,0,-.47935182
38703,WFC,1985q1,25.281864,1.3801585,0,-.42699185
38703,WFC,1985q2,24.49979,1.37009,0,-.44284317
38703,WFC,1985q3,28.141476,1.378897,0,-.44825667
38703,WFC,1985q4,22.829712,1.396513,0,-.48796934
38703,WFC,1986q1,17.725309,1.4062743,0,-.41731393
38703,WFC,1986q2,17.532232,1.372082,0,-.36427304
38703,WFC,1986q3,17.426838,1.3093555,0,-.28712052
38703,WFC,1986q4,19.137506,1.3243116,0,-.22634675
38703,WFC,1987q1,16.701868,1.3408824,0,-.21739854
38703,WFC,1987q2,15.901912,1.3171822,0,-.17530364
38703,WFC,1987q3,14.386271,1.2844155,0,-.10160681
38703,WFC,1987q4,18.959944,1.3582453,0,-.014927323
38703,WFC,1988q1,16.370844,1.3115482,0,.044755328
38703,WFC,1988q2,15.12021,1.299378,0,.051166143
38703,WFC,1988q3,14.600192,1.3062592,0,.12409621
38703,WFC,1988q4,15.359718,1.3353797,0,.11952642
38703,WFC,1989q1,13.094175,1.3186986,0,.15100983
38703,WFC,1989q2,13.564344,1.3120115,0,.15641463
38703,WFC,1989q3,12.362603,1.2612629,0,.17276998
38703,WFC,1989q4,12.756347,1.2771293,0,.2143344
38703,WFC,1990q1,14.491603,1.2652644,0,.25784251
38703,WFC,1990q2,14.902414,1.3092895,0,.29442057
38703,WFC,1990q3,21.289246,1.3081964,0,.41151509
38703,WFC,1990q4,17.703362,1.3430278,0,.49839547
38703,WFC,1991q1,13.181904,1.3076842,0,.58674592
38703,WFC,1991q2,13.262012,1.2751604,0,.69691306
38703,WFC,1991q3,9.1170654,1.3206034,1,.76114386
38703,WFC,1991q4,8.9054937,1.3063537,0,.98982275
38703,WFC,1992q1,8.5317373,1.2873304,1,.99157864
38703,WFC,1992q2,8.0744171,1.3247238,2,1.1471894
38703,WFC,1992q3,8.3577003,1.3158448,0,1.104593
38703,WFC,1992q4,8.2049227,1.2945086,1,1.1222993
38703,WFC,1993q1,7.31042,1.3230534,2,1.102308
38703,WFC,1993q2,6.6264482,1.3236724,3,1.2278241
38703,WFC,1993q3,7.2405667,1.3244188,4,1.224017
38703,WFC,1993q4,8.1778479,1.3515821,0,1.4929217
38703,WFC,1994q1,8.3791962,1.3541483,0,1.5577365
38703,WFC,1994q2,7.2401714,1.3444898,1,1.6506449
38703,WFC,1994q3,7.6909909,1.3937,2,1.672636
38703,WFC,1994q4,8.6891537,1.403631,0,1.6325144
38703,WFC,1995q1,8.3369799,1.4393526,0,1.6042104
38703,WFC,1995q2,7.6447511,1.4593281,1,1.6331513
38703,WFC,1995q3,7.2875562,1.4202986,2,1.648369
38703,WFC,1995q4,6.7354488,1.4965955,3,1.7174817
38703,WFC,1996q1,6.2791648,1.4961227,4,1.7488062
38703,WFC,1996q2,6.6590014,1.4565569,5,1.7491574
38703,WFC,1996q3,5.7994041,1.4495822,6,1.807474
38703,WFC,1996q4,5.6005425,1.4942013,7,1.8715527
38703,WFC,1997q1,5.478508,1.3922442,8,1.8649397
38703,WFC,1997q2,4.6675096,1.3794699,9,1.9130824
38703,WFC,1997q3,4.4164171,1.3983611,10,1.9162595
38703,WFC,1997q4,3.7851787,1.4093103,11,1.9807898
38703,WFC,1998q1,3.8241711,1.346361,12,2.0685537
38703,WFC,1998q2,4.0235972,1.3778238,13,1.9666814
38703,WFC,1998q3,4.4909477,1.3613826,14,1.9636765
38703,WFC,1998q4,3.8135924,1.3776246,15,2.4322553
38703,WFC,1999q1,4.1081476,1.3723913,16,2.7027268
38703,WFC,1999q2,3.6047292,1.3911003,17,2.7660356
38703,WFC,1999q3,3.8289876,1.4219689,18,2.8100343
38703,WFC,1999q4,3.9509125,1.3891228,19,2.9210174
38703,WFC,2000q1,4.0018907,1.4074159,20,2.8189085
38703,WFC,2000q2,4.3575773,1.410333,0,2.8373215
38703,WFC,2000q3,3.8550794,1.4209718,1,2.766808
38703,WFC,2000q4,3.5839007,1.4015052,2,2.8205824
38703,WFC,2001q1,3.9773631,1.406239,3,2.8793852
38703,WFC,2001q2,4.2967882,1.3968011,0,2.7926216
38703,WFC,2001q3,4.5581427,1.3840654,0,2.8025401
38703,WFC,2001q4,4.8044744,1.3834082,0,2.7125885
38703,WFC,2002q1,4.3592105,1.4105067,0,2.7693994
38703,WFC,2002q2,4.3312359,1.4313867,0,2.8258431
38703,WFC,2002q3,4.7179942,1.4308586,0,2.9165483
38703,WFC,2002q4,5.0212193,1.4098773,0,2.8968627
38703,WFC,2003q1,5.4861832,1.3790535,0,2.9272413
38703,WFC,2003q2,4.9840817,1.4401059,0,2.8570397
38703,WFC,2003q3,5.1437459,1.4069674,0,2.8297989
38703,WFC,2003q4,4.545928,1.4289062,0,2.8501794
38703,WFC,2004q1,4.7576499,1.4602643,0,2.819613
38703,WFC,2004q2,4.9845991,1.3938107,0,2.8392911
38703,WFC,2004q3,4.8221407,1.4276682,0,2.8518136
38703,WFC,2004q4,4.7088375,1.4267484,0,2.8113153
38703,WFC,2005q1,4.9179502,1.4424692,0,2.7697165
38703,WFC,2005q2,4.8082709,1.4780743,0,2.7932775
38703,WFC,2005q3,5.1839485,1.4351394,0,2.7632537
38703,WFC,2005q4,5.1980891,1.4111577,0,2.7328115
38703,WFC,2006q1,5.1675715,1.4134227,0,2.7080662
38703,WFC,2006q2,5.0606999,1.4063624,0,2.7561522
38703,WFC,2006q3,4.6000438,1.4281862,0,2.8100209
38703,WFC,2006q4,4.6328402,1.4672186,0,2.7440774
38703,WFC,2007q1,4.7902479,1.4622976,0,2.6981301
38703,WFC,2007q2,5.193501,1.4175005,0,2.6862068
38703,WFC,2007q3,5.2079282,1.411876,0,2.7405007
38703,WFC,2007q4,6.2120209,1.3983874,0,2.7257476
38703,WFC,2008q1,6.701838,1.3922061,0,2.7758102
38703,WFC,2008q2,8.1536083,1.3858844,0,2.7676928
38703,WFC,2008q3,5.6334305,1.3919951,0,2.9766414
38703,WFC,2008q4,12.012792,1.5030775,0,3.3480048
38703,WFC,2009q1,20.618549,1.4381397,0,3.2270772
38703,WFC,2009q2,11.24653,1.4196724,0,3.3691101
38703,WFC,2009q3,9.4049311,1.4308982,0,3.3676012
38703,WFC,2009q4,9.2021637,1.4440699,0,3.2893653
38703,WFC,2010q1,7.8594375,1.4617209,0,3.349483
38703,WFC,2010q2,9.292779,1.4777452,0,3.3605161
38703,WFC,2010q3,9.3471327,1.4171549,0,3.2687922
38703,WFC,2010q4,7.9576254,1.4290738,0,3.2405434
38703,WFC,2011q1,7.6373277,1.4598938,0,3.2683642
38703,WFC,2011q2,8.5690107,1.4513131,0,3.158519
38703,WFC,2011q3,10.165129,1.4094638,0,3.1928737
38703,WFC,2011q4,9.0751286,1.3329819,0,3.2303631
38703,WFC,2012q1,7.5950303,1.3764766,0,3.276993
38703,WFC,2012q2,7.6862755,1.3733743,0,3.3083315
38703,WFC,2012q3,7.6890182,1.4122875,0,3.3125935
38703,WFC,2012q4,8.0327015,1.4521816,0,3.22137
38703,WFC,2013q1,7.5334725,1.4525363,0,3.1635463
38703,WFC,2013q2,6.8474283,1.4564574,0,3.1832185
47896,JPM,1971q1,12.963763,43.360973,1,.09098886
47896,JPM,1971q2,15.741755,43.360973,0,.0086177131
47896,JPM,1971q3,15.965059,43.360973,0,.0057892981
47896,JPM,1971q4,16.993437,43.360973,0,.04122116
47896,JPM,1972q1,15.433411,43.360973,0,.05564427
47896,JPM,1972q2,20.353184,43.360973,0,.014197298
47896,JPM,1972q3,20.371208,43.360973,0,-.017403852
47896,JPM,1972q4,21.659718,43.360973,0,-.11457804
47896,JPM,1973q1,23.953859,43.360973,0,-.018435938
47896,JPM,1973q2,27.177677,43.360973,0,.017902454
47896,JPM,1973q3,26.5298,43.360973,0,-.060240533
47896,JPM,1973q4,32.645679,43.360973,0,-.11008129
47896,JPM,1974q1,32.817791,1.5161933,0,-.038943317
47896,JPM,1974q2,46.949375,1.530362,0,-.054657526
47896,JPM,1974q3,54.733444,1.5097091,0,.037235361
47896,JPM,1974q4,53.080856,1.4617193,0,.067477524
47896,JPM,1975q1,45.436771,1.4314162,0,.032245472
47896,JPM,1975q2,40.560211,1.430378,0,-.0501258
47896,JPM,1975q3,56.443695,1.3997444,0,-.019663351
47896,JPM,1975q4,55.07304,1.3964297,0,-.15820953
47896,JPM,1976q1,42.42535,1.3705043,0,-.13012379
47896,JPM,1976q2,40.133091,1.380527,0,-.050535735
47896,JPM,1976q3,41.594631,1.3534021,0,-.063610263
47896,JPM,1976q4,42.507114,1.4063461,0,-.12953675
47896,JPM,1977q1,44.176754,1.3696736,0,-.063456938
47896,JPM,1977q2,41.049744,1.3765887,0,-.05208065
47896,JPM,1977q3,44.653877,1.3815095,0,-.048910644
47896,JPM,1977q4,48.607914,1.4478984,0,-.049363792
47896,JPM,1978q1,52.795803,1.4061707,0,-.068634026
47896,JPM,1978q2,52.593643,1.4019705,0,-.13085461
47896,JPM,1978q3,51.010094,1.3979729,0,-.20465106
47896,JPM,1978q4,57.839985,1.4494635,0,-.16749451
47896,JPM,1979q1,58.870186,1.4141306,0,-.19388585
47896,JPM,1979q2,57.362392,1.4483606,0,-.25824961
47896,JPM,1979q3,62.434116,1.4317445,0,-.29120925
47896,JPM,1979q4,70.921265,1.4865636,0,-.36653045
47896,JPM,1980q1,74.593468,1.5170723,0,-.3318468
47896,JPM,1980q2,65.598846,1.5267848,0,-.31425163
47896,JPM,1980q3,66.798279,1.4775881,0,-.36825782
47896,JPM,1980q4,63.122364,1.461416,0,-.41160631
47896,JPM,1981q1,51.566628,1.4723809,0,-.28362077
47896,JPM,1981q2,50.783413,1.4536885,0,-.21443075
47896,JPM,1981q3,59.309788,1.4286788,0,-.21216296
47896,JPM,1981q4,50.132034,1.3001249,0,-.16823432
47896,JPM,1982q1,53.772991,1.2890936,0,-.02529382
47896,JPM,1982q2,57.71899,1.3248115,0,-.046130527
47896,JPM,1982q3,50.172974,1.3016877,0,-.10238395
47896,JPM,1982q4,46.012844,1.2803842,0,-.074626468
47896,JPM,1983q1,37.339718,1.2723473,0,-.074651383
47896,JPM,1983q2,34.658138,1.2711583,0,.012318717
47896,JPM,1983q3,39.111317,1.2621088,0,.10838933
47896,JPM,1983q4,37.961857,1.2319962,0,.085520983
47896,JPM,1984q1,38.122478,1.2418079,0,.27574486
47896,JPM,1984q2,50.41991,1.2702521,0,.23229998
47896,JPM,1984q3,38.927284,1.239602,0,.22570108
47896,JPM,1984q4,31.385548,1.2502079,0,.28479609
47896,JPM,1985q1,30.838715,1.2455595,0,.46141824
47896,JPM,1985q2,28.560251,1.2809612,0,.47450095
47896,JPM,1985q3,33.278671,1.2357483,0,.45741656
47896,JPM,1985q4,25.418283,1.2181077,0,.44173926
47896,JPM,1986q1,21.614899,1.2539213,0,.44601545
47896,JPM,1986q2,22.524082,1.2469873,0,.47793579
47896,JPM,1986q3,25.645838,1.2585874,0,.39936656
47896,JPM,1986q4,28.161587,1.2560129,0,.42243558
47896,JPM,1987q1,27.415636,1.281787,0,.40338719
47896,JPM,1987q2,34.11245,1.3093867,0,.39995983
47896,JPM,1987q3,23.388334,1.2677433,1,.39389521
47896,JPM,1987q4,40.915951,1.298605,0,.73511326
47896,JPM,1988q1,41.189896,1.3474333,0,.51524067
47896,JPM,1988q2,27.785589,1.3122425,0,.66530335
47896,JPM,1988q3,24.439177,1.3026557,0,.76619726
47896,JPM,1988q4,22.395107,1.3722569,0,.80470276
47896,JPM,1989q1,21.271343,1.330301,0,.82225358
47896,JPM,1989q2,32.247444,1.3767164,0,.81678426
47896,JPM,1989q3,28.715736,1.3501747,0,.39072269
47896,JPM,1989q4,36.428452,1.3510352,0,.2741757
47896,JPM,1990q1,39.494728,1.3795606,0,.17943336
47896,JPM,1990q2,35.318302,1.3577386,0,.32723266
47896,JPM,1990q3,51.728371,1.3206315,0,.35006785
47896,JPM,1990q4,72.450264,1.3277872,0,.0046021971
47896,JPM,1991q1,85.350296,1.2526339,0,.026034392
47896,JPM,1991q2,68.492569,1.2832468,0,.2117417
47896,JPM,1991q3,59.487705,1.3155251,0,.39586133
47896,JPM,1991q4,69.272453,1.2793053,0,.27469799
47896,JPM,1992q1,17.150463,1.2975464,0,.50637519
47896,JPM,1992q2,15.592362,1.300621,0,1.6476439
47896,JPM,1992q3,17.148876,1.2997154,0,1.5511543
47896,JPM,1992q4,14.65346,1.3345342,0,1.5237186
47896,JPM,1993q1,14.788188,1.4252239,0,1.5420796
47896,JPM,1993q2,14.380778,1.3796824,0,1.5003227
47896,JPM,1993q3,13.208822,1.407637,1,1.5065353
47896,JPM,1993q4,14.695569,1.3995929,0,1.8348775
47896,JPM,1994q1,17.888268,1.3528088,0,1.815621
47896,JPM,1994q2,17.16457,1.3769461,0,1.8067755
47896,JPM,1994q3,18.869514,1.3715476,0,1.819219
47896,JPM,1994q4,19.327105,1.3665519,0,1.8479246
47896,JPM,1995q1,19.910097,1.3121884,0,1.8274777
47896,JPM,1995q2,25.37648,1.4248735,0,1.872637
47896,JPM,1995q3,19.716188,1.3494074,0,1.9693252
47896,JPM,1995q4,20.275572,1.3278571,0,2.0285671
47896,JPM,1996q1,16.9778,1.2969315,0,2.0474949
47896,JPM,1996q2,10.785368,1.4452399,1,2.6351485
47896,JPM,1996q3,9.6244221,1.4229621,2,2.6730075
47896,JPM,1996q4,9.0341873,1.3450632,3,2.7265205
47896,JPM,1997q1,8.7580767,1.3421009,4,2.7285151
47896,JPM,1997q2,9.0086136,1.3720952,5,2.6614702
47896,JPM,1997q3,7.9121861,1.3445251,6,2.643393
47896,JPM,1997q4,8.4492397,1.3094822,7,2.6102149
47896,JPM,1998q1,7.0459137,1.2820005,8,2.5788698
47896,JPM,1998q2,6.3446865,1.3401266,9,2.667577
47896,JPM,1998q3,10.022191,1.3349488,10,2.6617687
47896,JPM,1998q4,6.6958003,1.3369887,11,2.6537311
47896,JPM,1999q1,5.9199572,1.3528641,12,2.8072748
47896,JPM,1999q2,5.570292,1.3830055,13,2.755935
47896,JPM,1999q3,6.5577888,1.365332,14,2.8228641
47896,JPM,1999q4,6.9693923,1.4048431,15,2.8142667
47896,JPM,2000q1,6.154336,1.3198433,16,2.9024155
47896,JPM,2000q2,7.5152512,1.3318391,17,2.7349882
47896,JPM,2000q3,7.5874925,1.3334293,0,2.6431158
47896,JPM,2000q4,12.369578,1.3651862,0,2.4474144
47896,JPM,2001q1,8.528101,1.3678478,1,2.7414682
47896,JPM,2001q2,8.5702915,1.3511195,2,2.9368076
47896,JPM,2001q3,12.153566,1.3340032,0,2.823844
47896,JPM,2001q4,10.036859,1.3605272,0,2.7266943
47896,JPM,2002q1,10.525517,1.3713443,0,2.6052513
47896,JPM,2002q2,11.332705,1.3566269,0,2.6106455
47896,JPM,2002q3,19.443886,1.3283268,0,2.3880854
47896,JPM,2002q4,15.953043,1.314315,0,2.2782612
47896,JPM,2003q1,15.795487,1.3368124,0,2.422127
47896,JPM,2003q2,11.922175,1.3280984,0,2.5917976
47896,JPM,2003q3,11.694808,1.3687443,0,2.6345215
47896,JPM,2003q4,10.671286,1.3701084,0,2.5883784
47896,JPM,2004q1,9.7210608,1.4260399,0,2.6534104
47896,JPM,2004q2,10.559842,1.4903754,0,2.6239178
47896,JPM,2004q3,8.2966595,1.4800901,0,3.0500255
47896,JPM,2004q4,8.5669737,1.4691948,0,3.0895891
47896,JPM,2005q1,9.7262688,1.5151559,0,3.0218194
47896,JPM,2005q2,9.5765448,1.5059677,0,2.992898
47896,JPM,2005q3,10.202875,1.4794288,0,2.9439735
47896,JPM,2005q4,8.8610868,1.538026,0,2.9699483
47896,JPM,2006q1,9.0264387,1.5146776,0,2.9961326
47896,JPM,2006q2,9.3417149,1.5247817,0,3.0358582
47896,JPM,2006q3,8.5112343,1.5292861,0,3.0811696
47896,JPM,2006q4,8.3752613,1.5090379,0,3.0493143
47896,JPM,2007q1,8.6839371,1.5169359,0,3.0562701
47896,JPM,2007q2,9.0890865,1.5131935,0,3.0666661
47896,JPM,2007q3,9.7687588,1.5161102,0,3.0206313
47896,JPM,2007q4,10.813828,1.5337105,0,3.0510504
47896,JPM,2008q1,11.400473,1.5655398,0,3.1413605
47896,JPM,2008q2,14.970617,1.558498,0,3.2299216
47896,JPM,2008q3,12.547504,1.4736634,0,3.2912533
47896,JPM,2008q4,18.064468,1.5883989,0,3.5905056
47896,JPM,2009q1,20.111805,1.5139358,0,3.4875083
47896,JPM,2009q2,15.06758,1.4970555,0,3.6081669
47896,JPM,2009q3,11.902377,1.5063531,0,3.6120324
47896,JPM,2009q4,11.912573,1.5446913,0,3.553194
47896,JPM,2010q1,12.086395,1.5954516,0,3.4834187
47896,JPM,2010q2,13.652061,1.5751876,0,3.3992
47896,JPM,2010q3,14.03896,1.5630859,0,3.397155
47896,JPM,2010q4,12.707948,1.4891361,0,3.306812
47896,JPM,2011q1,11.986524,1.5818933,0,3.3230145
47896,JPM,2011q2,13.686571,1.6757628,0,3.2968259
47896,JPM,2011q3,18.940769,1.6706587,0,3.2438691
47896,JPM,2011q4,17.480785,1.567752,0,3.1457534
47896,JPM,2012q1,13.140315,1.6147337,0,3.1870415
47896,JPM,2012q2,16.42931,1.6277853,0,3.1424308
47896,JPM,2012q3,14.796852,1.636415,0,3.0756271
47896,JPM,2012q4,13.893488,1.6760274,0,3.1138246
47896,JPM,2013q1,13.013454,1.7501824,0,3.1358032
47896,JPM,2013q2,12.177592,1.8196772,0,3.1182854
49656,BK,1971q1,17.497711,1.6789654,1,-.389476
49656,BK,1971q2,21.259405,1.5820082,0,-.4445996
49656,BK,1971q3,23.960678,1.7140299,0,-.45953378
49656,BK,1971q4,20.378553,1.5289447,0,-.45618665
49656,BK,1972q1,18.415554,1.3663837,0,-.43245503
49656,BK,1972q2,22.997553,1.6004528,0,-.46777537
49656,BK,1972q3,23.295019,1.5097603,0,-.43393412
49656,BK,1972q4,22.907314,1.5882033,0,-.53232872
49656,BK,1973q1,27.018572,1.5452511,0,-.34713921
49656,BK,1973q2,29.735329,1.5934601,0,-.29751727
49656,BK,1973q3,29.957069,1.5913767,0,-.40799177
49656,BK,1973q4,35.09486,1.5704126,0,-.47217846
49656,BK,1974q1,37.070587,1.8424488,0,-.41749343
49656,BK,1974q2,48.009628,1.7254379,0,-.41518402
49656,BK,1974q3,52.520363,1.6428369,0,-.27079523
49656,BK,1974q4,53.314873,1.5644387,0,-.30156985
49656,BK,1975q1,37.904121,1.5372459,0,-.3046011
49656,BK,1975q2,36.529396,1.664373,0,-.3349779
49656,BK,1975q3,44.636929,1.7349643,0,-.31759745
49656,BK,1975q4,43.59243,1.6952494,0,-.36001268
49656,BK,1976q1,36.450039,1.6719353,0,-.36343589
49656,BK,1976q2,36.535908,1.7095929,0,-.36216161
49656,BK,1976q3,36.83379,1.6685337,0,-.45825639
49656,BK,1976q4,33.587368,1.7307904,0,-.44455135
49656,BK,1977q1,33.552315,1.7018064,0,-.36136737
49656,BK,1977q2,36.221752,1.8660146,0,-.36771855
49656,BK,1977q3,39.507885,1.8603277,0,-.40863851
49656,BK,1977q4,44.81049,1.8252751,0,-.41351253
49656,BK,1978q1,41.681908,1.7589812,0,-.37997434
49656,BK,1978q2,41.18956,1.7618337,0,-.40218189
49656,BK,1978q3,37.686607,1.6449243,0,-.44015384
49656,BK,1978q4,47.019924,1.7046295,0,-.39469546
49656,BK,1979q1,44.820934,1.7983317,0,-.40061349
49656,BK,1979q2,47.527332,1.9247979,0,-.45643491
49656,BK,1979q3,46.103512,1.8543433,0,-.47087452
49656,BK,1979q4,48.981129,1.8347527,0,-.42100403
49656,BK,1980q1,58.806839,1.8339082,0,-.44293171
49656,BK,1980q2,47.633366,1.766304,0,-.41759098
49656,BK,1980q3,47.931816,1.6957879,0,-.45145047
49656,BK,1980q4,43.93454,1.6274682,0,-.45610407
49656,BK,1981q1,43.609123,1.671631,0,-.39982352
49656,BK,1981q2,44.394783,1.6864191,0,-.39538428
49656,BK,1981q3,47.405281,1.5958694,0,-.3753137
49656,BK,1981q4,39.386459,1.4480381,0,-.29470786
49656,BK,1982q1,47.779724,1.5148252,0,-.23110946
49656,BK,1982q2,51.875164,1.467683,0,-.32177722
49656,BK,1982q3,49.107529,1.538088,0,-.33119923
49656,BK,1982q4,43.914654,1.5174642,0,-.44014245
49656,BK,1983q1,39.289234,1.4862078,0,-.47520733
49656,BK,1983q2,34.742687,1.4428923,0,-.46344066
49656,BK,1983q3,35.048656,1.4102929,0,-.36043909
49656,BK,1983q4,32.848614,1.3962171,0,-.28973863
49656,BK,1984q1,34.485722,1.4308457,0,-.11744995
49656,BK,1984q2,39.222618,1.4476912,0,-.10445013
49656,BK,1984q3,32.635696,1.3747205,0,-.10432032
49656,BK,1984q4,29.85054,1.3430681,0,-.053767763
49656,BK,1985q1,26.097303,1.376799,0,.051761393
49656,BK,1985q2,23.756157,1.287208,0,.23703247
49656,BK,1985q3,27.43998,1.2937744,0,.22945626
49656,BK,1985q4,22.452372,1.3172905,0,.21723729
49656,BK,1986q1,17.666027,1.3062855,1,.27442279
49656,BK,1986q2,18.768749,1.297308,2,.34642419
49656,BK,1986q3,20.783232,1.3105081,0,.36000368
49656,BK,1986q4,22.474657,1.2864016,0,.35840082
49656,BK,1987q1,20.266106,1.2886001,0,.32176563
49656,BK,1987q2,20.540495,1.2751464,1,.39081407
49656,BK,1987q3,17.522734,1.2708352,2,.43788961
49656,BK,1987q4,27.954294,1.255252,0,.51585174
49656,BK,1988q1,21.266798,1.2500503,0,.49239495
49656,BK,1988q2,19.249441,1.2744454,0,.61286503
49656,BK,1988q3,19.936193,1.25087,0,.63409632
49656,BK,1988q4,17.169994,1.2426426,0,.73077965
49656,BK,1989q1,17.529907,1.2491317,0,.018377744
49656,BK,1989q2,16.408541,1.2540963,0,.6786263
49656,BK,1989q3,15.089688,1.2351028,1,.66802949
49656,BK,1989q4,17.794462,1.2321961,0,.59698606
49656,BK,1990q1,20.287127,1.2125498,0,.57641423
49656,BK,1990q2,22.29755,1.2279397,0,.46795675
49656,BK,1990q3,37.688908,1.2375804,0,.2864939
49656,BK,1990q4,35.432308,1.2482724,0,.12665753
49656,BK,1991q1,19.005684,1.2332947,0,.24163876
49656,BK,1991q2,21.286528,1.244415,0,.27759528
49656,BK,1991q3,18.488361,1.2551724,0,.32516739
49656,BK,1991q4,17.842216,1.251937,0,.2961016
49656,BK,1992q1,13.72174,1.26657,0,.41979846
49656,BK,1992q2,14.306599,1.3411089,0,.54505152
49656,BK,1992q3,12.032902,1.2814163,1,.53292465
49656,BK,1992q4,10.577202,1.3383262,2,.71568596
49656,BK,1993q1,8.85674,1.3346776,3,.74032676
49656,BK,1993q2,8.6092319,1.3276726,4,.73865128
49656,BK,1993q3,9.0844898,1.299512,5,.70536983
49656,BK,1993q4,8.7799711,1.2987909,6,1.127421
49656,BK,1994q1,10.220449,1.2412866,7,1.1798792
49656,BK,1994q2,9.8883028,1.3646246,8,1.2391378
49656,BK,1994q3,9.2788467,1.363565,9,1.3240696
49656,BK,1994q4,8.9674416,1.3617216,10,1.3445858
49656,BK,1995q1,8.6902666,1.3789829,11,1.3507228
49656,BK,1995q2,7.3168306,1.3462933,12,1.4514602
49656,BK,1995q3,6.1826525,1.2749963,13,1.4688057
49656,BK,1995q4,5.9723821,1.3426307,14,1.5074515
49656,BK,1996q1,5.6665812,1.2887218,15,1.5609579
49656,BK,1996q2,5.6505876,1.343569,16,1.5215923
49656,BK,1996q3,5.1726751,1.3375546,17,1.5673559
49656,BK,1996q4,4.8256588,1.3857757,18,1.622502
49656,BK,1997q1,4.7024956,1.4410111,19,1.6734699
49656,BK,1997q2,4.3543997,1.4293517,20,1.7093068
49656,BK,1997q3,4.0869117,1.4772223,21,1.6823853
49656,BK,1997q4,3.5238063,1.4471098,22,1.6979572
49656,BK,1998q1,3.3460116,1.5756949,23,1.754667
49656,BK,1998q2,3.536145,1.6275638,24,1.7106515
49656,BK,1998q3,3.8741996,1.6470588,25,1.7907442
49656,BK,1998q4,2.8961883,1.6559232,26,1.9629008
49656,BK,1999q1,3.180505,1.582472,27,1.926738
49656,BK,1999q2,3.2374525,1.6017727,28,1.8801624
49656,BK,1999q3,3.3696978,1.6653396,29,1.9186242
49656,BK,1999q4,3.3632941,1.6262618,30,1.9986465
49656,BK,2000q1,3.3137863,1.5502436,31,2.0009534
49656,BK,2000q2,3.074774,1.5725656,32,2.0949793
49656,BK,2000q3,2.6806383,1.5586491,33,2.1103916
49656,BK,2000q4,2.7365725,1.5274031,34,2.1442845
49656,BK,2001q1,2.8463123,1.4422777,35,2.0715919
49656,BK,2001q2,2.993686,1.4977387,36,2.0456929
49656,BK,2001q3,4.22754,1.3400427,0,1.8627328
49656,BK,2001q4,3.486311,1.5365142,0,1.7568249
49656,BK,2002q1,3.2757194,1.4423738,1,1.8038628
49656,BK,2002q2,4.0200591,1.5194622,0,1.6334887
49656,BK,2002q3,4.5620918,1.4326376,0,1.6264572
49656,BK,2002q4,5.0730944,1.4476837,0,1.4524409
49656,BK,2003q1,5.8809099,1.453914,0,1.4394516
49656,BK,2003q2,5.3530717,1.6350774,0,1.428412
49656,BK,2003q3,4.8670559,1.4885303,0,1.490208
49656,BK,2003q4,4.2815714,1.538514,0,1.4859606
49656,BK,2004q1,4.4327469,1.5322485,0,1.4675238
49656,BK,2004q2,4.8719201,1.6098504,0,1.4124311
49656,BK,2004q3,4.7052507,1.5492502,0,1.385156
49656,BK,2004q4,4.2829609,1.5547788,0,1.4012618
49656,BK,2005q1,4.8523011,1.5221134,0,1.3109565
49656,BK,2005q2,5.1875558,1.5215394,0,1.2704566
49656,BK,2005q3,5.0653563,1.4698423,0,1.2930943
49656,BK,2005q4,4.7598586,1.4806852,0,1.2813154
49656,BK,2006q1,4.3599105,1.5187998,0,1.297052
49656,BK,2006q2,5.0279379,1.5045255,0,1.2892984
49656,BK,2006q3,4.5739932,1.702091,0,1.2814699
49656,BK,2006q4,4.1004691,1.7155992,0,1.2635949
49656,BK,2007q1,3.8731484,1.6731403,0,1.3393226
49656,BK,2007q2,4.6427784,1.9815698,0,1.3332124
49656,BK,2007q3,4.0864272,1.8355168,0,1.7368667
49656,BK,2007q4,4.0303769,1.950713,0,2.0087025
49656,BK,2008q1,4.703361,2.0745351,0,2.1281776
49656,BK,2008q2,4.9901423,2.1044679,0,2.127238
49656,BK,2008q3,7.4275217,2.3017552,0,2.076056
49656,BK,2008q4,7.4376154,2.5183647,0,2.2236266
49656,BK,2009q1,6.397748,2.4961419,0,2.3320589
49656,BK,2009q2,6.015492,2.2299454,0,2.2645302
49656,BK,2009q3,6.2684851,2.2403784,0,2.0839512
49656,BK,2009q4,6.4403887,2.2320104,0,1.9141836
49656,BK,2010q1,6.1150069,2.1646628,0,1.921788
49656,BK,2010q2,7.8552265,2.2330832,0,1.858604
49656,BK,2010q3,7.9982219,2.1039834,0,1.7862743
49656,BK,2010q4,6.7366571,2.0469306,0,1.7859676
49656,BK,2011q1,7.2859082,2.152874,0,1.7753308
49656,BK,2011q2,9.5139799,2.408134,0,1.6898018
49656,BK,2011q3,13.589259,2.3516443,0,1.5830193
49656,BK,2011q4,13.088097,2.3799891,0,1.4944123
49656,BK,2012q1,10.155619,2.1567118,0,1.4588488
49656,BK,2012q2,12.296741,2.2443347,0,1.4245828
49656,BK,2012q3,12.366582,2.1277084,0,1.3876072
49656,BK,2012q4,11.740081,2.2622235,0,1.3984568
49656,BK,2013q1,10.850489,2.0945036,0,1.3958858
49656,BK,2013q2,10.971174,2.1215038,0,1.3606062
51043,3FNMA,1971q1,,43.360973,0,-.19297406
51043,3FNMA,1971q2,,43.360973,0,-.23282918
51043,3FNMA,1971q3,,43.360973,0,-.085470319
51043,3FNMA,1971q4,18.374281,4.4871616,1,.14345421
51043,3FNMA,1972q1,,43.360973,0,.36439377
51043,3FNMA,1972q2,,43.360973,0,.2663213
51043,3FNMA,1972q3,,43.360973,0,.15420112
51043,3FNMA,1972q4,23.11157,4.0740881,0,.13530675
51043,3FNMA,1973q1,,43.360973,0,.046389088
51043,3FNMA,1973q2,,43.360973,0,.13738538
51043,3FNMA,1973q3,,43.360973,0,.28163353
51043,3FNMA,1973q4,32.540245,4.6316376,0,.27953902
51043,3FNMA,1974q1,,43.360973,0,.27429086
51043,3FNMA,1974q2,,43.360973,0,.25700364
51043,3FNMA,1974q3,,43.360973,0,.352541
51043,3FNMA,1974q4,36.149067,4.0459275,0,.53470021
51043,3FNMA,1975q1,38.288124,4.4449611,0,.47996056
51043,3FNMA,1975q2,37.61301,4.4707723,0,.40131637
51043,3FNMA,1975q3,51.868122,4.2166796,0,.26502702
51043,3FNMA,1975q4,44.267868,4.3140187,0,.34455034
51043,3FNMA,1976q1,41.271618,3.8398798,0,.29798955
51043,3FNMA,1976q2,46.116203,4.4853859,0,.19026309
51043,3FNMA,1976q3,41.769836,4.3000674,0,.14812747
51043,3FNMA,1976q4,39.345238,4.7598658,0,.19903027
51043,3FNMA,1977q1,41.195469,4.967988,0,.17337507
51043,3FNMA,1977q2,39.840801,5.0214577,0,.17236891
51043,3FNMA,1977q3,38.310242,5.2804618,0,.21334101
51043,3FNMA,1977q4,41.950748,5.5368791,0,.24989825
51043,3FNMA,1978q1,46.065109,4.8813224,0,.2679249
51043,3FNMA,1978q2,40.296452,4.6554513,0,.25188392
51043,3FNMA,1978q3,42.205887,4.2196522,0,.28139737
51043,3FNMA,1978q4,47.251057,4.5965085,0,.24844699
51043,3FNMA,1979q1,51.803822,3.9872048,0,.2704125
51043,3FNMA,1979q2,45.66853,3.860517,0,.24023265
51043,3FNMA,1979q3,47.229473,3.9693894,0,.24007709
51043,3FNMA,1979q4,53.64262,3.7101195,0,.20206134
51043,3FNMA,1980q1,64.399765,3.3829615,0,.065486841
51043,3FNMA,1980q2,57.57494,3.8979278,0,.1432028
51043,3FNMA,1980q3,67.190407,3.895565,0,.011190862
51043,3FNMA,1980q4,82.224083,3.404047,0,-.18714041
51043,3FNMA,1981q1,87.007126,3.3447301,0,-.41429508
51043,3FNMA,1981q2,97.991508,3.1099937,0,-.56674248
51043,3FNMA,1981q3,,43.360973,0,-.69189376
51043,3FNMA,1981q4,,3.2518215,0,-.74325836
51043,3FNMA,1982q1,,3.3900249,0,-.60152388
51043,3FNMA,1982q2,,2.9062974,0,-.399156
51043,3FNMA,1982q3,77.73526,2.6290946,0,-.16892266
51043,3FNMA,1982q4,46.071514,2.6448982,0,.23075573
51043,3FNMA,1983q1,48.346184,3.0295193,0,.22451238
51043,3FNMA,1983q2,46.460491,3.1760516,0,.2361688
51043,3FNMA,1983q3,42.334484,2.9403119,0,.24899814
51043,3FNMA,1983q4,52.279377,2.7997,0,.27630043
51043,3FNMA,1984q1,77.927177,2.8111751,0,.15025504
51043,3FNMA,1984q2,,2.7643385,0,-.12124127
51043,3FNMA,1984q3,87.602814,2.6245358,0,-.1356841
51043,3FNMA,1984q4,86.823944,2.6935487,0,-.026545353
51043,3FNMA,1985q1,84.118752,2.6715875,0,-.025202554
51043,3FNMA,1985q2,62.680443,2.8013749,0,.050108045
51043,3FNMA,1985q3,73.932526,2.7892277,0,.1976618
51043,3FNMA,1985q4,52.863171,2.9265206,0,.26736134
51043,3FNMA,1986q1,39.23658,2.8951313,1,.35976639
51043,3FNMA,1986q2,34.802776,6.0150375,2,.43927005
51043,3FNMA,1986q3,42.746223,2.8792758,0,.49273142
51043,3FNMA,1986q4,34.263268,2.8950479,1,.59201682
51043,3FNMA,1987q1,26.658661,3.1447644,2,.79394454
51043,3FNMA,1987q2,31.103506,3.3942854,3,.77570885
51043,3FNMA,1987q3,29.416189,3.5557365,4,.82215822
51043,3FNMA,1987q4,41.718918,3.6449761,0,.79316062
51043,3FNMA,1988q1,40.678669,3.4755459,0,.8489784
51043,3FNMA,1988q2,32.957806,3.4845371,0,.93255055
51043,3FNMA,1988q3,30.19772,3.6040235,0,1.0573128
51043,3FNMA,1988q4,28.531544,3.4027886,0,1.1152098
51043,3FNMA,1989q1,22.772232,3.5330832,1,1.253864
51043,3FNMA,1989q2,16.842754,3.6397808,2,1.4149629
51043,3FNMA,1989q3,12.782762,3.999737,3,1.5844094
51043,3FNMA,1989q4,16.176834,4.1806226,4,1.7362372
51043,3FNMA,1990q1,16.03521,4.1744375,5,1.7366446
51043,3FNMA,1990q2,13.715548,4.336822,6,1.8338246
51043,3FNMA,1990q3,19.385651,4.4407563,0,1.8478647
51043,3FNMA,1990q4,16.178034,4.4112206,1,1.9110559
51043,3FNMA,1991q1,11.505927,4.7514071,2,2.0325658
51043,3FNMA,1991q2,10.868034,4.4437113,3,2.1677554
51043,3FNMA,1991q3,8.5801783,4.6616735,4,2.3214755
51043,3FNMA,1991q4,8.5149279,5.2520084,5,2.3519506
51043,3FNMA,1992q1,9.5308409,4.825592,6,2.3299084
51043,3FNMA,1992q2,10.38886,4.5860043,7,2.324548
51043,3FNMA,1992q3,10.132195,5.1728067,8,2.311862
51043,3FNMA,1992q4,9.3553247,4.0826097,9,2.3302665
51043,3FNMA,1993q1,8.9635572,4.3211513,10,2.3125484
51043,3FNMA,1993q2,9.161438,4.0846958,11,2.3087916
51043,3FNMA,1993q3,10.476405,4.1697178,12,2.2760365
51043,3FNMA,1993q4,10.749432,3.7806778,0,2.5685902
51043,3FNMA,1994q1,11.526828,2.6014321,0,2.6795454
51043,3FNMA,1994q2,11.269507,2.5427039,0,2.6867559
51043,3FNMA,1994q3,12.412745,2.5115421,0,2.7090528
51043,3FNMA,1994q4,14.203897,3.5361257,0,2.6278424
51043,3FNMA,1995q1,12.907566,2.3500156,0,2.6084867
51043,3FNMA,1995q2,11.74297,2.1905677,0,2.7057488
51043,3FNMA,1995q3,11.028856,2.202028,0,2.6589098
51043,3FNMA,1995q4,10.042933,2.9477496,1,2.7192347
51043,3FNMA,1996q1,10.014149,43.360973,2,2.8111327
51043,3FNMA,1996q2,9.6151333,2.2202029,3,2.7533031
51043,3FNMA,1996q3,9.5671492,43.360973,4,2.7758048
51043,3FNMA,1996q4,9.2330694,2.7549047,5,2.8167572
51043,3FNMA,1997q1,9.7159719,43.360973,0,2.7502689
51043,3FNMA,1997q2,8.6207008,2.1151934,1,2.7675829
51043,3FNMA,1997q3,8.3368559,43.360973,2,2.6602373
51043,3FNMA,1997q4,7.2414823,2.8643842,3,2.7237051
51043,3FNMA,1998q1,6.933372,2.2773638,4,2.8476853
51043,3FNMA,1998q2,7.5790167,2.3436284,5,2.7281713
51043,3FNMA,1998q3,7.5948954,2.2903275,6,2.8614304
51043,3FNMA,1998q4,7.1966982,2.6122088,7,3.0106955
51043,3FNMA,1999q1,7.8383913,43.360973,8,2.8971264
51043,3FNMA,1999q2,8.2722445,43.360973,9,2.7848597
51043,3FNMA,1999q3,9.3108034,43.360973,10,2.8111656
51043,3FNMA,1999q4,9.7041016,2.5938568,11,2.8466122
51043,3FNMA,2000q1,10.856543,2.4482806,0,2.7719021
51043,3FNMA,2000q2,12.089938,2.9942601,0,2.7120616
51043,3FNMA,2000q3,9.485178,3.0787604,1,2.5645869
51043,3FNMA,2000q4,8.3980799,2.5548553,2,2.8346305
51043,3FNMA,2001q1,9.4404144,2.3537805,3,2.8206487
51043,3FNMA,2001q2,9.2801504,2.5823088,4,2.8172863
51043,3FNMA,2001q3,10.224885,2.5023255,5,2.8577487
51043,3FNMA,2001q4,10.822543,2.5151451,6,2.8291309
51043,3FNMA,2002q1,10.845051,2.693769,0,2.7711332
51043,3FNMA,2002q2,12.015037,2.6328297,0,2.7297339
51043,3FNMA,2002q3,14.876673,2.6600754,0,2.7520499
51043,3FNMA,2002q4,14.600211,2.4046228,0,2.6896391
51043,3FNMA,2003q1,14.758782,2.3574004,0,2.7377262
51043,3FNMA,2003q2,14.717329,2.2526529,0,2.7113843
51043,3FNMA,2003q3,15.5623,2.0276926,0,2.558996
51043,3FNMA,2003q4,14.535597,2.0990138,0,2.5443928
51043,3FNMA,2004q1,14.461365,2.0960996,0,2.5464709
51043,3FNMA,2004q2,14.928383,2.284409,0,2.4862313
51043,,2004q3,,,0,
51043,3FNMA,2004q4,15.247951,2.0941162,0,2.3786252
51043,3FNMA,2005q1,18.810356,3.1513255,0,2.2302759
51043,3FNMA,2005q2,16.476971,3.7527981,0,2.1668186
51043,3FNMA,2005q3,19.162714,4.6667004,0,2.067945
51043,3FNMA,2005q4,17.824913,2.6010444,0,1.9089935
51043,3FNMA,2006q1,16.950165,4.8640842,0,2.0077312
51043,3FNMA,2006q2,18.710751,4.8796306,0,1.9225667
51043,3FNMA,2006q3,15.696595,5.0020642,0,1.9203478
51043,3FNMA,2006q4,14.856885,2.6447301,0,1.9882849
51043,3FNMA,2007q1,15.995436,4.8600063,0,1.9332422
51043,3FNMA,2007q2,13.869951,4.7936893,0,2.0016019
51043,3FNMA,2007q3,14.51779,4.7200832,0,2.0979507
51043,3FNMA,2007q4,22.442009,2.6884136,0,1.8629446
51043,3FNMA,2008q1,32.240383,3.7402451,0,1.5714602
51043,3FNMA,2008q2,45.074574,3.9099736,0,1.5164301
51043,3FNMA,2008q3,,3.4901731,0,.40233216
51043,3FNMA,2008q4,,2.2893088,0,-1.4690609
51043,3FNMA,2009q1,,3.4531834,0,-1.4261023
51043,3FNMA,2009q2,,3.3138273,0,-1.4473618
51043,3FNMA,2009q3,,3.0929832,0,-1.2326863
51043,3FNMA,2009q4,,2.4381473,0,-1.3552201
51043,3FNMA,2010q1,,29.632359,0,-1.4838847
51043,3FNMA,2010q2,,17.565174,0,-1.6472546
51043,,2010q3,,,0,
51043,,2010q4,,,0,
51043,,2011q1,,,0,
51043,,2011q2,,,0,
51043,,2011q3,,,0,
51043,,2011q4,,,0,
51043,,2012q1,,,0,
51043,,2012q2,,,0,
51043,,2012q3,,,0,
59176,AXP,1977q2,4.613554,43.360973,1,1.4020218
59176,AXP,1977q3,5.0357871,43.360973,0,1.4324582
59176,AXP,1977q4,5.2753215,1.4319768,0,1.4178771
59176,AXP,1978q1,6.0929532,43.360973,0,1.3530945
59176,AXP,1978q2,6.1240339,43.360973,0,1.3263049
59176,AXP,1978q3,6.2799497,43.360973,0,1.2684693
59176,AXP,1978q4,7.2994604,1.4053428,0,1.1915561
59176,AXP,1979q1,7.1631799,43.360973,0,1.1228282
59176,AXP,1979q2,7.1137571,43.360973,0,1.133707
59176,AXP,1979q3,7.2036157,43.360973,0,1.0872405
59176,AXP,1979q4,8.1724558,1.4113346,0,1.0297295
59176,AXP,1980q1,8.6743927,43.360973,0,.98346066
59176,AXP,1980q2,8.7975769,43.360973,0,1.0961461
59176,AXP,1980q3,8.9013872,43.360973,0,1.0538116
59176,AXP,1980q4,8.022851,1.419031,0,1.0279598
59176,AXP,1981q1,7.1650281,43.360973,0,1.1649609
59176,AXP,1981q2,6.9595556,43.360973,0,1.1513954
59176,AXP,1981q3,6.5537977,43.360973,0,1.3940899
59176,AXP,1981q4,6.4996018,1.4314381,0,1.4170283
59176,AXP,1982q1,6.1197252,43.360973,0,1.5652066
59176,AXP,1982q2,7.1872072,43.360973,0,1.6108389
59176,AXP,1982q3,6.5177956,43.360973,0,1.5456415
59176,AXP,1982q4,5.1163559,1.4476887,0,1.6277052
59176,AXP,1983q1,4.928504,43.360973,1,1.7201272
59176,AXP,1983q2,4.4030375,43.360973,2,1.8339841
59176,AXP,1983q3,5.5333428,43.360973,0,1.9110557
59176,AXP,1983q4,6.7373052,1.4579175,0,1.7387303
59176,AXP,1984q1,7.1830149,43.360973,0,1.7739955
59176,AXP,1984q2,9.8396168,43.360973,0,1.804602
59176,AXP,1984q3,8.8640327,43.360973,0,1.886719
59176,AXP,1984q4,7.386991,1.4214391,0,1.9613674
59176,AXP,1985q1,7.6566939,43.360973,0,2.0540876
59176,AXP,1985q2,7.2120638,43.360973,0,2.0965624
59176,AXP,1985q3,7.8881907,43.360973,0,2.062789
59176,AXP,1985q4,6.9080529,1.3545576,0,2.11009
59176,AXP,1986q1,5.7980227,43.360973,1,2.2122462
59176,AXP,1986q2,6.5240388,43.360973,2,2.1606777
59176,AXP,1986q3,8.0101948,43.360973,0,2.1610022
59176,AXP,1986q4,8.6906567,1.3010712,0,2.1833336
59176,AXP,1987q1,7.1601491,43.360973,1,2.2854571
59176,AXP,1987q2,7.8511648,43.360973,2,2.3225579
59176,AXP,1987q3,8.2397022,43.360973,3,2.3408296
59176,AXP,1987q4,12.593945,1.2527058,0,2.2410719
59176,AXP,1988q1,13.402163,43.360973,0,2.2108955
59176,AXP,1988q2,12.370616,43.360973,0,2.1692758
59176,AXP,1988q3,12.592607,43.360973,0,2.2069685
59176,AXP,1988q4,13.421259,1.2975658,0,2.199702
59176,AXP,1989q1,11.198893,43.360973,0,2.2192376
59176,AXP,1989q2,11.045532,43.360973,0,2.2336423
59176,AXP,1989q3,9.9114008,43.360973,1,2.2216692
59176,AXP,1989q4,9.6039515,1.4491141,0,2.2015452
59176,AXP,1990q1,12.363846,43.360973,0,2.1486275
59176,AXP,1990q2,11.2578,43.360973,0,2.1286988
59176,AXP,1990q3,14.717696,43.360973,0,2.1623094
59176,AXP,1990q4,14.699397,1.4074316,0,2.1518803
59176,AXP,1991q1,11.007466,43.360973,0,2.1434398
59176,AXP,1991q2,13.889499,43.360973,0,2.055387
59176,AXP,1991q3,13.127815,43.360973,0,2.0270855
59176,AXP,1991q4,15.411262,1.3975111,0,1.7686095
59176,AXP,1992q1,14.920917,43.360973,0,1.7821807
59176,AXP,1992q2,15.099272,43.360973,0,1.8738977
59176,AXP,1992q3,16.852516,43.360973,0,1.8048155
59176,AXP,1992q4,7.9476995,43.360973,0,1.7242104
59176,AXP,1993q1,13.554451,43.360973,0,1.7359324
59176,AXP,1993q2,11.387721,43.360973,0,1.8637962
59176,AXP,1993q3,10.417502,43.360973,0,1.9534094
59176,AXP,1993q4,6.6623139,1.3403771,0,2.2639751
59176,AXP,1994q1,7.4807768,1.441873,0,2.2445869
59176,AXP,1994q2,7.9668493,1.2693934,0,2.2029448
59176,AXP,1994q3,7.0754395,1.2913599,0,2.1905873
59176,AXP,1994q4,7.0573745,1.2934823,0,2.3310761
59176,AXP,1995q1,6.3635721,1.2248338,0,2.3681035
59176,AXP,1995q2,6.5503874,1.214493,0,2.3523021
59176,AXP,1995q3,5.5683384,1.2079674,1,2.3624961
59176,AXP,1995q4,5.9487939,1.2483438,0,2.347815
59176,AXP,1996q1,5.1888962,1.2475721,1,2.3302324
59176,AXP,1996q2,5.62429,1.2469101,2,2.3353252
59176,AXP,1996q3,5.486331,1.2503897,0,2.2535303
59176,AXP,1996q4,4.7344174,1.2038296,1,2.2588665
59176,AXP,1997q1,4.514719,1.1982111,2,2.372906
59176,AXP,1997q2,3.9953537,1.2112162,3,2.4156482
59176,AXP,1997q3,3.8273914,1.2276114,4,2.4248333
59176,AXP,1997q4,3.6621246,1.2170937,5,2.3788519
59176,AXP,1998q1,3.5967932,1.2226411,6,2.385977
59176,AXP,1998q2,3.12922,1.2055682,7,2.4625432
59176,AXP,1998q3,4.1476583,1.2453421,8,2.4888504
59176,AXP,1998q4,3.5299358,1.2090354,9,2.4987748
59176,AXP,1999q1,3.2238431,1.2172621,10,2.5081816
59176,AXP,1999q2,3.0926833,1.208625,11,2.5858119
59176,AXP,1999q3,3.0258167,1.1942008,12,2.7204964
59176,AXP,1999q4,2.8598697,1.2040683,13,2.8610878
59176,AXP,2000q1,3.1293354,1.1833891,14,2.9006033
59176,AXP,2000q2,2.9824061,1.1802379,15,2.8247142
59176,AXP,2000q3,2.7601037,1.1967903,16,2.8325074
59176,AXP,2000q4,2.953573,1.2096238,17,2.7544563
59176,AXP,2001q1,3.4441793,1.2106243,0,2.5330825
59176,AXP,2001q2,3.7355123,1.2298877,0,2.4133983
59176,AXP,2001q3,4.4663777,1.2568495,0,2.315165
59176,AXP,2001q4,3.9203682,1.247894,0,2.1866574
59176,AXP,2002q1,3.4479396,1.2712557,0,2.3010232
59176,AXP,2002q2,3.7453253,1.354221,0,2.3586173
59176,AXP,2002q3,4.1700878,1.3439337,0,2.2991357
59176,AXP,2002q4,4.0862761,1.3105836,0,2.3501983
59176,AXP,2003q1,4.2154713,1.3560743,0,2.3815873
59176,AXP,2003q2,3.6657207,1.3239682,0,2.4031448
59176,AXP,2003q3,3.5714114,1.3169296,0,2.4421237
59176,AXP,2003q4,3.5738959,1.3071091,0,2.3925092
59176,AXP,2004q1,3.42729,1.3309816,0,2.4315031
59176,AXP,2004q2,3.4982405,1.3338966,0,2.4360182
59176,AXP,2004q3,3.5050623,1.4320989,0,2.4220996
59176,AXP,2004q4,3.4961932,1.3779147,0,2.405426
59176,AXP,2005q1,3.7053447,1.4262112,0,2.3519709
59176,AXP,2005q2,3.6926589,1.4042139,0,2.3543754
59176,AXP,2005q3,2.3878496,1.7498914,1,2.3783138
59176,AXP,2005q4,2.6183937,1.7229077,2,2.2304873
59176,AXP,2006q1,2.5305562,1.7433277,3,2.2363145
59176,AXP,2006q2,2.6265361,1.8372524,4,2.2126372
59176,AXP,2006q3,2.617147,1.9259595,5,2.1969419
59176,AXP,2006q4,2.6053655,1.77379,6,2.2083645
59176,AXP,2007q1,2.7314293,1.9695284,7,2.1547744
59176,AXP,2007q2,2.703038,2.0208442,8,2.1956074
59176,AXP,2007q3,2.8530366,2.085984,9,2.2351871
59176,AXP,2007q4,3.2816525,1.8430408,0,2.240633
59176,AXP,2008q1,3.4453936,2.7749107,0,2.1426766
59176,AXP,2008q2,3.8659146,2.8649213,0,2.2049541
59176,AXP,2008q3,3.792299,3.0769119,0,2.1602123
59176,AXP,2008q4,6.3092132,2.7341418,0,1.988132
59176,AXP,2009q1,7.668612,4.4905882,0,1.8520186
59176,AXP,2009q2,4.8184152,3.393893,0,2.0620544
59176,AXP,2009q3,3.6418149,3.4408925,0,2.1362829
59176,AXP,2009q4,3.2762625,2.9336612,0,2.2400088
59176,AXP,2010q1,3.6353135,3.9266262,0,2.2223957
59176,AXP,2010q2,3.7102106,3.6657403,0,2.2300186
59176,AXP,2010q3,3.5733325,3.6544151,0,2.279341
59176,AXP,2010q4,3.5318999,2.6397026,0,2.1905692
59176,AXP,2011q1,3.3276291,3.2917011,0,2.1215472
59176,AXP,2011q2,3.0850871,3.2760563,0,2.219305
59176,AXP,2011q3,3.4364362,3.388551,0,2.346504
59176,AXP,2011q4,3.4557421,2.5486503,0,2.3441257
59176,AXP,2012q1,2.9509156,3.1653979,0,2.2921221
59176,AXP,2012q2,2.9234524,2.9138408,0,2.3549256
59176,AXP,2012q3,3.0694458,2.9409399,0,2.2995434
59176,AXP,2012q4,3.0871627,2.378763,0,2.1939282
59176,AXP,2013q1,2.8504848,2.9464638,0,2.1642075
59176,AXP,2013q2,2.6180704,2.661056,0,2.2150452
60442,PNC,1983q1,15.946603,1.4969617,0,-.52352297
60442,PNC,1983q2,14.050415,1.4904714,0,-.52325124
60442,PNC,1983q3,12.603415,1.3933421,0,-.32339409
60442,PNC,1983q4,13.917265,1.3419501,0,-.32627341
60442,PNC,1984q1,16.059046,1.312024,0,-.23845759
60442,PNC,1984q2,16.36063,1.3155637,0,-.19695875
60442,PNC,1984q3,13.847683,1.2857777,0,-.14457521
60442,PNC,1984q4,14.823791,1.2830361,0,-.12554663
60442,PNC,1985q1,15.446677,1.2745132,0,-.05095638
60442,PNC,1985q2,11.915177,1.2848185,0,.051119819
60442,PNC,1985q3,14.42891,1.2576236,0,.14065632
60442,PNC,1985q4,11.581231,1.2271444,1,.15678871
60442,PNC,1986q1,11.096657,1.2872696,2,.2635242
60442,PNC,1986q2,11.455598,1.2753706,0,.30165365
60442,PNC,1986q3,11.950427,1.2416937,0,.38010269
60442,PNC,1986q4,10.297024,1.26386,1,.38113031
60442,PNC,1987q1,9.2466164,1.2488595,2,.66959602
60442,PNC,1987q2,10.411406,1.2234403,0,.76087719
60442,PNC,1987q3,11.390508,1.2451575,0,.75618875
60442,PNC,1987q4,14.671756,1.2543507,0,.80006009
60442,PNC,1988q1,12.040742,1.2314212,0,.85693014
60442,PNC,1988q2,10.683969,1.2198849,0,1.0972582
60442,PNC,1988q3,11.026071,1.2384126,0,1.055169
60442,PNC,1988q4,12.732686,1.2338887,0,1.0279456
60442,PNC,1989q1,12.186486,1.2510644,0,.96692616
60442,PNC,1989q2,10.652472,1.2065905,0,.95051962
60442,PNC,1989q3,10.03086,1.1758124,0,.96389812
60442,PNC,1989q4,12.112055,1.1695246,0,.90063888
60442,PNC,1990q1,12.841393,1.1550475,0,.95304269
60442,PNC,1990q2,17.012846,1.2032936,0,.83083761
60442,PNC,1990q3,21.342915,1.1682137,0,.64832532
60442,PNC,1990q4,21.866673,1.2125547,0,.56660378
60442,PNC,1991q1,14.150105,1.1665939,0,.65165097
60442,PNC,1991q2,12.754377,1.1947784,0,.79082173
60442,PNC,1991q3,11.045773,1.1899912,0,.88244307
60442,PNC,1991q4,9.2404833,1.2188703,0,.96287847
60442,PNC,1992q1,8.5806065,1.1907107,0,1.1050855
60442,PNC,1992q2,8.2332144,1.1803055,1,1.2076807
60442,PNC,1992q3,8.652709,1.167007,0,1.1418505
60442,PNC,1992q4,8.2453794,1.1831199,1,1.1643186
60442,PNC,1993q1,7.1284347,1.32059,2,1.2048635
60442,PNC,1993q2,7.5221353,1.3160686,3,1.2418245
60442,PNC,1993q3,7.68998,1.3315674,4,1.1309412
60442,PNC,1993q4,9.49475,1.3644855,0,1.4330351
60442,PNC,1994q1,10.112481,1.4273413,0,1.4379255
60442,PNC,1994q2,9.7969694,1.4052505,0,1.4838983
60442,PNC,1994q3,10.758548,1.4223428,0,1.4372396
60442,PNC,1994q4,13.042618,1.4383576,0,1.3002547
60442,PNC,1995q1,11.079378,1.3837719,0,1.3032677
60442,PNC,1995q2,10.481071,1.3579774,0,1.2965678
60442,PNC,1995q3,9.843667,1.3807429,0,1.1809499
60442,PNC,1995q4,10.149265,1.4130285,0,1.2035877
60442,PNC,1996q1,7.3741646,1.4244996,1,1.4694467
60442,PNC,1996q2,7.5211639,1.4446229,0,1.549117
60442,PNC,1996q3,6.6137743,1.4506872,1,1.563328
60442,PNC,1996q4,6.2546711,1.450492,2,1.6197051
60442,PNC,1997q1,5.8950028,1.3851993,3,1.6067804
60442,PNC,1997q2,5.9574208,1.4234885,4,1.5490136
60442,PNC,1997q3,5.330781,1.4387758,5,1.4424731
60442,PNC,1997q4,4.9021316,1.2822833,6,1.5194584
60442,PNC,1998q1,4.7087736,1.5347657,7,1.5035748
60442,PNC,1998q2,5.3376641,1.5868366,8,1.456874
60442,PNC,1998q3,6.211998,1.5679412,0,1.4080545
60442,PNC,1998q4,5.3834882,1.346994,1,1.4648087
60442,PNC,1999q1,5.1068997,1.5791938,2,1.3746657
60442,PNC,1999q2,5.0070519,1.5332075,3,1.3920876
60442,PNC,1999q3,5.2843113,1.6073228,0,1.3855041
60442,PNC,1999q4,6.3007002,1.377658,0,1.4016376
60442,PNC,2000q1,6.1785092,1.5550928,0,1.2348853
60442,PNC,2000q2,6.0739479,1.5952356,0,1.2464997
60442,PNC,2000q3,4.3710318,1.4706849,1,1.2953498
60442,PNC,2000q4,3.9842534,1.2932876,2,1.403744
60442,PNC,2001q1,4.2712722,1.4535661,3,1.4495951
60442,PNC,2001q2,4.3279409,1.4630466,0,1.3760027
60442,PNC,2001q3,4.9325418,1.4778564,0,1.3506265
60442,PNC,2001q4,4.9929056,1.4321771,0,1.2215352
60442,PNC,2002q1,4.4684854,1.4884949,1,1.207636
60442,PNC,2002q2,5.0880785,1.5047112,0,1.1212518
60442,PNC,2002q3,6.0844588,1.5733919,0,1.0076916
60442,PNC,2002q4,5.9976506,1.5244012,0,.95252424
60442,PNC,2003q1,6.1523304,1.4913932,0,1.0885744
60442,PNC,2003q2,5.3767014,1.4437934,0,1.0263478
60442,PNC,2003q3,5.9321632,1.4459113,0,.9953748
60442,PNC,2003q4,5.0543399,1.3997248,0,.98486233
60442,PNC,2004q1,5.2666559,1.3659737,0,1.0102706
60442,PNC,2004q2,5.412333,1.3310881,0,.98441052
60442,PNC,2004q3,5.5814667,1.325508,0,.9578684
60442,PNC,2004q4,5.4503369,1.3451499,0,.9021889
60442,PNC,2005q1,6.2017698,1.3324862,0,.85692376
60442,PNC,2005q2,6.3463759,1.3053554,0,.88721424
60442,PNC,2005q3,6.0340905,1.348446,0,.91342759
60442,PNC,2005q4,5.61517,1.3432766,0,.97736055
60442,PNC,2006q1,5.2531099,1.3230383,0,1.02389
60442,PNC,2006q2,5.1448102,1.3221245,0,1.0463741
60442,PNC,2006q3,5.1104865,1.348309,0,1.0739641
60442,PNC,2006q4,5.1846404,1.3489666,0,.98123491
60442,PNC,2007q1,6.1062007,1.350497,0,.99079108
60442,PNC,2007q2,5.5018282,1.3710322,0,1.0906013
60442,PNC,2007q3,6.0486503,1.4225721,0,1.1476175
60442,PNC,2007q4,6.5498242,1.4379017,0,1.1897171
60442,PNC,2008q1,6.623817,1.4835527,0,1.2419474
60442,PNC,2008q2,7.4646115,1.4586182,0,1.3365592
60442,PNC,2008q3,6.0763187,1.430143,0,1.5502797
60442,PNC,2008q4,16.581137,1.4823768,0,1.6920736
60442,PNC,2009q1,20.962553,1.4646622,0,1.6055965
60442,PNC,2009q2,15.614124,1.434599,0,1.6597561
60442,PNC,2009q3,11.815505,1.3800964,0,1.4667636
60442,PNC,2009q4,10.852411,1.3946985,0,1.590185
60442,PNC,2010q1,8.7236404,1.3534329,0,1.6494044
60442,PNC,2010q2,8.8500566,1.408583,0,1.800712
60442,PNC,2010q3,9.4364271,1.3781443,0,1.7409501
60442,PNC,2010q4,8.3306885,1.3903319,0,1.6468977
60442,PNC,2011q1,7.8952851,1.3627018,0,1.6223646
60442,PNC,2011q2,8.3588982,1.3937168,0,1.6153495
60442,PNC,2011q3,10.276623,1.3840765,0,1.5723797
60442,PNC,2011q4,8.8162537,1.3840308,0,1.6500857
60442,PNC,2012q1,8.6665516,1.3729178,0,1.6430991
60442,PNC,2012q2,9.1255827,1.4046749,0,1.6492264
60442,PNC,2012q3,8.8466082,1.4019268,0,1.6054822
60442,PNC,2012q4,9.6290932,1.3481817,0,1.4632275
60442,PNC,2013q1,8.4314775,1.3211355,0,1.4367484
60442,PNC,2013q2,7.8417277,1.3499137,0,1.4563758
66800,AIG,1982q4,2.493114,1.5217024,0,1.3924413
66800,AIG,1983q1,2.4349437,1.534543,0,1.3058131
66800,AIG,1983q2,2.4778526,1.5390592,0,1.3362516
66800,AIG,1983q3,2.5011706,1.5602129,0,1.3800581
66800,AIG,1983q4,2.6926351,1.5810701,0,1.3740027
66800,AIG,1984q1,2.965627,1.5692017,0,1.3471711
66800,AIG,1984q2,2.949878,1.6069826,0,1.448799
66800,AIG,1984q3,2.7959378,1.590268,0,1.4875357
66800,AIG,1984q4,2.7742465,1.5315037,0,1.4893858
66800,AIG,1985q1,2.7056265,1.5153644,0,1.5178334
66800,AIG,1985q2,2.5580051,1.5014107,1,1.5878295
66800,AIG,1985q3,2.5913942,1.5553416,0,1.6456
66800,AIG,1985q4,2.4611609,1.6104567,1,1.7575214
66800,AIG,1986q1,2.1487288,1.5139481,2,1.8645692
66800,AIG,1986q2,2.2677701,1.5089097,0,1.8477881
66800,AIG,1986q3,2.4558003,1.4897543,0,1.903742
66800,AIG,1986q4,2.6278307,1.4591677,0,1.9236835
66800,AIG,1987q1,2.4898963,1.4697158,0,2.0090878
66800,AIG,1987q2,2.6296725,1.4688673,0,2.0162725
66800,AIG,1987q3,2.5514524,1.4405935,0,2.1037524
66800,AIG,1987q4,3.2586145,1.4690732,0,2.2027133
66800,AIG,1988q1,3.8053601,1.4626454,0,2.0844002
66800,AIG,1988q2,3.7249861,1.48674,0,1.9956163
66800,AIG,1988q3,3.6164217,1.5420731,0,2.0543008
66800,AIG,1988q4,3.751272,1.5991741,0,2.13854
66800,AIG,1989q1,3.4623322,1.6364567,0,2.1853764
66800,AIG,1989q2,3.5911052,1.7175941,0,2.2020681
66800,AIG,1989q3,3.1549344,1.6921883,0,2.2229319
66800,AIG,1989q4,3.2285171,1.6126536,0,2.3590546
66800,AIG,1990q1,3.5013487,1.6282276,0,2.3836675
66800,AIG,1990q2,3.5366712,1.6438617,0,2.3925464
66800,AIG,1990q3,4.4299612,1.7494256,0,2.4133656
66800,AIG,1990q4,3.9554474,1.8143589,0,2.6000707
66800,AIG,1991q1,3.4066682,1.7341717,0,2.6296062
66800,AIG,1991q2,3.8018141,1.605687,0,2.5487697
66800,AIG,1991q3,4.0282159,1.8535441,0,2.4358988
66800,AIG,1991q4,3.7730706,1.8481519,0,2.4494748
66800,AIG,1992q1,4.1974139,1.7919816,0,2.4112928
66800,AIG,1992q2,4.4446168,1.5653614,0,2.3942022
66800,AIG,1992q3,4.0710778,1.5180463,0,2.4441509
66800,AIG,1992q4,4.2573633,1.5454155,0,2.5347908
66800,AIG,1993q1,3.865849,1.5200958,0,2.4687698
66800,AIG,1993q2,3.957695,1.5293308,0,2.5384936
66800,AIG,1993q3,3.6445446,1.5418935,0,2.585602
66800,AIG,1993q4,4.0792236,1.5779541,0,2.8559897
66800,AIG,1994q1,4.5458374,1.4803666,0,2.8706002
66800,AIG,1994q2,4.533814,1.4361755,0,2.9110765
66800,AIG,1994q3,4.4971905,1.4405321,0,2.9275424
66800,AIG,1994q4,4.1614757,1.4521091,0,3.0097663
66800,AIG,1995q1,4.2909565,1.374089,0,3.0616906
66800,AIG,1995q2,4.1208229,1.3780334,0,3.0486996
66800,AIG,1995q3,3.7678497,1.3956264,0,2.9969492
66800,AIG,1995q4,3.606617,1.4493536,1,3.0517757
66800,AIG,1996q1,3.6255286,1.4149704,2,3.0631928
66800,AIG,1996q2,3.6205995,1.4289926,3,3.0048695
66800,AIG,1996q3,3.6125579,1.4269495,0,3.0229836
66800,AIG,1996q4,3.487118,1.5323067,1,3.0164773
66800,AIG,1997q1,3.3368769,1.4377519,2,3.0130968
66800,AIG,1997q2,2.8992221,1.4415851,3,3.0692406
66800,AIG,1997q3,2.8621566,1.4541415,4,3.0599539
66800,AIG,1997q4,2.8347673,1.5772249,5,3.0199573
66800,AIG,1998q1,2.6347127,1.5085547,6,3.0677152
66800,AIG,1998q2,2.4721372,1.5273646,7,3.1058159
66800,AIG,1998q3,2.9210668,1.4881501,8,3.2347143
66800,AIG,1998q4,2.6487257,1.5284905,9,3.2767618
66800,AIG,1999q1,2.4499485,1.4295385,10,3.479543
66800,AIG,1999q2,2.5362427,1.4600464,11,3.5402226
66800,AIG,1999q3,2.6901479,1.4422059,12,3.5731506
66800,AIG,1999q4,2.4033871,1.469113,13,3.6894081
66800,AIG,2000q1,2.4476349,1.3318787,14,3.7290175
66800,AIG,2000q2,2.3605301,1.3449938,15,3.783123
66800,AIG,2000q3,2.1690567,1.3368421,16,3.7865572
66800,AIG,2000q4,2.1697044,1.3902962,17,3.8640916
66800,AIG,2001q1,2.4970212,1.4517019,0,3.7080209
66800,AIG,2001q2,2.4661698,1.4924234,1,3.6538644
66800,AIG,2001q3,3.0439456,1.3935845,0,3.6966701
66800,AIG,2001q4,3.1251998,1.2962772,0,3.7950883
66800,AIG,2002q1,3.4136198,1.3953468,0,3.6691463
66800,AIG,2002q2,3.6331358,1.3952178,0,3.5521171
66800,AIG,2002q3,4.420836,1.4078799,0,3.554539
66800,AIG,2002q4,4.3273821,1.3608191,0,3.5884876
66800,AIG,2003q1,5.1052127,1.3856322,0,3.4953537
66800,AIG,2003q2,4.8369455,1.3995842,0,3.4432828
66800,AIG,2003q3,4.8495803,1.3782701,0,3.4405227
66800,AIG,2003q4,4.5121589,1.3386708,0,3.3656821
66800,AIG,2004q1,4.456027,1.3530313,0,3.4694757
66800,AIG,2004q2,4.5416431,1.3512554,0,3.5078652
66800,AIG,2004q3,4.9376373,1.386598,0,3.4704478
66800,AIG,2004q4,5.2180943,1.3561053,0,3.269418
66800,AIG,2005q1,6.1889739,1.4126786,0,3.2792442
66800,AIG,2005q2,5.9249673,1.3637247,0,3.1081259
66800,AIG,2005q3,5.6900282,1.3417646,0,3.197221
66800,AIG,2005q4,5.3312263,1.3100091,0,3.231827
66800,AIG,2006q1,5.6109977,1.3623086,0,3.2107437
66800,AIG,2006q2,6.3002877,1.3817687,0,3.1209862
66800,AIG,2006q3,5.9095197,1.4270834,0,3.1173961
66800,AIG,2006q4,5.7115178,1.3954012,0,3.1397536
66800,AIG,2007q1,6.1275148,1.4759179,0,3.1101186
66800,AIG,2007q2,6.1164937,1.4786413,0,3.114795
66800,AIG,2007q3,6.5800834,1.5134261,0,3.116446
66800,AIG,2007q4,7.5243244,1.4860275,0,3.072731
66800,AIG,2008q1,9.9043303,1.4868256,0,3.0163779
66800,AIG,2008q2,14.790879,1.5247017,0,2.8586323
66800,AIG,2008q3,,1.6468436,0,2.2991486
66800,AIG,2008q4,,1.5421972,0,.39302596
66800,AIG,2009q1,,1.501086,0,.015059236
66800,AIG,2009q2,,1.4544672,0,.17498143
66800,AIG,2009q3,,1.582342,0,-.12601039
66800,AIG,2009q4,,1.467695,0,-.019086696
66800,AIG,2010q1,,1.4221612,0,-.28668645
66800,AIG,2010q2,,1.4545779,0,-.069603764
66800,AIG,2010q3,,1.4343842,0,-.04480077
66800,AIG,2010q4,16.443991,1.7465558,0,1.0097235
66800,AIG,2011q1,9.3346615,1.6836116,0,2.2043095
66800,AIG,2011q2,10.42442,1.6635956,0,2.167788
66800,AIG,2011q3,11.999049,1.7489203,0,2.1622953
66800,AIG,2011q4,11.231538,1.7318602,0,2.0987351
66800,AIG,2012q1,8.7111673,1.7310002,0,2.1180108
66800,AIG,2012q2,8.8282909,1.7811127,0,2.2006676
66800,AIG,2012q3,9.4011164,1.7238754,0,2.1750994
66800,AIG,2012q4,9.6470432,1.6316901,0,1.9878348
66800,AIG,2013q1,8.8407536,1.5922072,0,1.9451928
66800,AIG,2013q2,7.6670332,1.5702624,0,2.0041547
69032,MS,1986q1,14.410227,1.0607191,1,.16967049
69032,MS,1986q2,14.581603,1.0519397,0,.14701283
69032,MS,1986q3,15.865541,1.0526328,0,.09834262
69032,MS,1986q4,18.592674,1.0594223,0,.21680033
69032,MS,1987q1,17.353905,1.0502585,0,.13468368
69032,MS,1987q2,18.735353,1.0628854,0,.21132442
69032,MS,1987q3,19.215895,1.0562502,0,.21536697
69032,MS,1987q4,23.385332,1.1098151,0,.1436622
69032,MS,1988q1,23.442463,1.1038685,0,.13664946
69032,MS,1988q2,20.588737,1.095952,0,.34094626
69032,MS,1988q3,22.089846,1.1167272,0,.41110161
69032,MS,1988q4,20.501938,1.1120938,0,.40457454
69032,MS,1989q1,21.252621,3.0830991,0,.49393904
69032,MS,1989q2,24.486521,2.934267,0,.40801525
69032,MS,1989q3,20.516108,2.4580462,0,.44197905
69032,MS,1989q4,22.472443,2.1064465,0,.43634889
69032,MS,1990q1,24.742043,1.9240526,0,.46773946
69032,MS,1990q2,22.573479,1.8004385,0,.55701852
69032,MS,1990q3,33.329967,2.1121449,0,.54631335
69032,MS,1990q4,27.316086,1.6138954,0,.54110205
69032,MS,1991q1,20.022167,1.7758806,0,.60490209
69032,MS,1991q2,20.44923,1.9121447,0,.69748592
69032,MS,1991q3,19.551353,1.5911201,0,.74489343
69032,MS,1991q4,13.977091,1.6832329,0,.9259097
69032,,1992q1,,,0,
69032,MS,1992q2,19.245768,1.5239007,0,.79268569
69032,MS,1992q3,21.048748,43.360973,0,.7900914
69032,MS,1992q4,18.179087,43.360973,0,.7265777
69032,MS,1993q1,17.037439,1.6586791,0,.72495449
69032,MS,1993q2,17.836224,43.360973,0,.79532707
69032,MS,1993q3,14.474144,43.360973,0,.92753464
69032,MS,1993q4,18.926708,43.360973,0,1.2533723
69032,MS,1994q1,20.488554,1.7323192,0,1.2153081
69032,MS,1994q2,23.765585,1.8038216,0,1.0647814
69032,MS,1994q3,22.709473,1.9783133,0,1.1644378
69032,MS,1994q4,25.886026,1.9240264,0,1.1717727
69032,MS,1995q1,22.914137,1.8277702,0,1.1702846
69032,MS,1995q2,21.304796,1.829762,0,1.2244056
69032,MS,1995q3,18.104342,2.0387828,0,1.2786757
69032,MS,1995q4,23.136196,1.8034048,0,1.2240964
69032,MS,1996q1,20.855877,1.9344827,0,1.2449908
69032,MS,1996q2,23.548677,1.9728229,0,1.2435417
69032,MS,1996q3,22.672003,2.0872772,0,1.1988866
69032,MS,1996q4,22.809689,1.7962749,0,1.2093508
69032,MS,1997q1,24.499168,1.7639414,0,1.225371
69032,MS,1997q2,11.448634,1.7088137,0,1.3331219
69032,MS,1997q3,9.4986124,1.8167084,1,2.1770704
69032,MS,1997q4,9.3079643,1.788162,2,2.1876776
69032,MS,1998q1,8.5028067,1.6341323,3,2.3315759
69032,MS,1998q2,7.6815538,1.6298941,4,2.4531021
69032,MS,1998q3,14.749532,1.6819785,0,2.469404
69032,MS,1998q4,8.3991661,1.8390864,1,2.3418319
69032,MS,1999q1,6.3777308,1.7179176,2,2.5735588
69032,MS,1999q2,6.5844097,1.7341913,3,2.5683968
69032,MS,1999q3,7.4536428,1.7201669,4,2.5674868
69032,MS,1999q4,5.4015741,1.5624659,5,2.8041582
69032,MS,2000q1,5.1416268,1.5876064,6,3.108866
69032,MS,2000q2,5.2396336,1.5584126,7,3.0772767
69032,MS,2000q3,4.7246628,1.5802228,8,3.1770329
69032,MS,2000q4,5.5433345,1.6497068,9,2.868346
69032,MS,2001q1,8.20193,1.5801915,0,2.8444538
69032,MS,2001q2,7.6787672,1.5601859,0,2.6601927
69032,MS,2001q3,10.418634,1.5687151,0,2.5428867
69032,MS,2001q4,8.5290508,1.6446406,0,2.5094237
69032,MS,2002q1,8.4565372,1.7005792,0,2.4808838
69032,MS,2002q2,12.223636,1.690019,0,2.3319547
69032,MS,2002q3,14.341281,1.6933684,0,2.2659848
69032,MS,2002q4,12.7129,1.6597154,0,2.2765224
69032,MS,2003q1,13.844817,1.5657275,0,2.2998841
69032,MS,2003q2,13.14579,1.5705234,0,2.3421912
69032,MS,2003q3,11.143332,1.566173,0,2.3473957
69032,MS,2003q4,10.207605,1.5713317,0,2.3905108
69032,MS,2004q1,11.029443,1.5490832,0,2.4025908
69032,MS,2004q2,13.123184,1.5876665,0,2.3315897
69032,MS,2004q3,14.251719,1.6226636,0,2.2672834
69032,MS,2004q4,13.295466,1.6427413,0,2.2111185
69032,MS,2005q1,13.145509,1.7256504,0,2.2816703
69032,MS,2005q2,14.749097,1.6868676,0,2.1950426
69032,MS,2005q3,14.855021,1.6621497,0,2.1904869
69032,MS,2005q4,15.485963,1.6993085,0,2.1797719
69032,MS,2006q1,14.822845,1.639274,0,2.2036955
69032,MS,2006q2,15.68374,1.6310711,0,2.2243116
69032,MS,2006q3,13.88684,1.5955536,0,2.3019378
69032,MS,2006q4,13.706713,1.5278592,0,2.3514185
69032,MS,2007q1,14.683022,1.5545744,0,2.3511167
69032,MS,2007q2,14.12707,1.5193785,0,2.3927112
69032,MS,2007q3,18.17922,1.5995312,0,2.1973853
69032,MS,2007q4,19.077503,1.6328622,0,2.1373363
69032,MS,2008q1,21.93779,1.6339096,0,2.0798233
69032,MS,2008q2,25.920393,1.78415,0,2.1327708
69032,MS,2008q3,38.30368,1.8887722,0,2.0512738
69032,MS,2008q4,37.181866,2.5735245,0,1.5183107
69032,MS,2009q1,24.43593,2.9129815,0,2.0698423
69032,MS,2009q2,17.357748,2.5039096,0,2.1366441
69032,MS,2009q3,18.229818,2.3125629,0,2.2163646
69032,MS,2009q4,19.011633,2.1514542,0,2.1802659
69032,MS,2010q1,19.838964,2.0337293,0,2.0374823
69032,MS,2010q2,24.377436,2.111191,0,1.9586591
69032,MS,2010q3,23.754055,2.1731555,0,1.9437534
69032,MS,2010q4,19.231022,2.1835992,0,1.901837
69032,MS,2011q1,19.424353,2.2989864,0,1.9125063
69032,MS,2011q2,22.693417,2.5262799,0,1.7799124
69032,MS,2011q3,29.14662,2.6927094,0,1.7697096
69032,MS,2011q4,24.587498,2.2602539,0,1.7179668
69032,MS,2012q1,19.494564,2.1872995,0,1.7706496
69032,MS,2012q2,24.762194,2.4171987,0,1.5688481
69032,MS,2012q3,22.263571,2.281991,0,1.5146366
69032,MS,2012q4,20.042915,2.1555796,0,1.5817982
69032,MS,2013q1,18.135365,2.1031191,0,1.7090193
69032,MS,2013q2,16.443262,2.110806,0,1.6951408
70519,C,1986q4,4.6634226,3.4293275,0,-.60831916
70519,C,1987q1,3.5230157,2.7231197,0,-.18727583
70519,C,1987q2,3.4135745,2.4304371,0,-.11819825
70519,C,1987q3,3.1814165,1.9622825,1,.024296155
70519,C,1987q4,4.8668432,2.0033519,0,.03892605
70519,C,1988q1,4.2455812,2.0633495,0,-.082896382
70519,C,1988q2,4.211657,2.1211584,0,-.12165834
70519,C,1988q3,4.7646227,2.1382673,0,-.19793144
70519,C,1988q4,6.9810333,43.360973,0,-.26823583
70519,C,1989q1,8.9447012,43.360973,0,.4751645
70519,C,1989q2,9.3540649,43.360973,0,.35271367
70519,C,1989q3,7.4898653,43.360973,0,.43204531
70519,C,1989q4,6.6114607,43.360973,0,.51261938
70519,C,1990q1,6.4934778,43.360973,0,.60098511
70519,C,1990q2,5.975307,43.360973,0,.89697456
70519,C,1990q3,9.1762609,43.360973,0,.94650245
70519,C,1990q4,7.8020611,1.5695882,0,.75479084
70519,C,1991q1,6.3885474,43.360973,0,.8366304
70519,C,1991q2,7.24967,43.360973,0,.76541066
70519,C,1991q3,6.0972252,43.360973,0,.81313574
70519,C,1991q4,5.2915311,1.6347436,0,.86264622
70519,C,1992q1,5.0659356,43.360973,0,.92969966
70519,C,1992q2,5.4850283,43.360973,0,.92367405
70519,C,1992q3,4.9717011,43.360973,0,.96267092
70519,C,1992q4,4.6078262,1.5904491,0,.96131819
70519,C,1993q1,3.7307174,43.360973,1,1.0856466
70519,C,1993q2,3.3040328,43.360973,2,1.2785749
70519,C,1993q3,4.7325382,43.360973,3,1.4858463
70519,C,1993q4,10.768389,1.345082,0,1.8098892
70519,C,1994q1,9.7646694,43.360973,0,1.982197
70519,C,1994q2,11.222186,43.360973,0,1.9532361
70519,C,1994q3,11.085532,43.360973,0,1.9559069
70519,C,1994q4,11.268537,43.360973,0,1.9887311
70519,C,1995q1,9.3130026,43.360973,0,2.0613534
70519,C,1995q2,8.1559134,43.360973,0,2.0828285
70519,C,1995q3,6.9734416,43.360973,0,2.1231446
70519,C,1995q4,6.1788435,43.360973,0,2.1909912
70519,C,1996q1,6.1149416,43.360973,0,2.2580888
70519,C,1996q2,7.0151525,43.360973,0,2.2034161
70519,C,1996q3,6.5941024,43.360973,1,2.2575774
70519,C,1996q4,5.7549019,43.360973,2,2.3961146
70519,C,1997q1,5.595654,43.360973,3,2.4824879
70519,C,1997q2,4.5912113,43.360973,4,2.5209355
70519,C,1997q3,4.5228195,43.360973,5,2.5664318
70519,C,1997q4,6.9257507,1.5296689,6,2.676398
70519,C,1998q1,6.5943532,43.360973,7,2.8085144
70519,C,1998q2,6.7036371,43.360973,8,2.8664696
70519,C,1998q3,8.7402124,43.360973,0,2.8404942
70519,C,1998q4,6.5434704,1.3530067,0,3.2346792
70519,C,1999q1,5.4997635,43.360973,1,3.4821374
70519,C,1999q2,5.0194912,43.360973,2,3.5942757
70519,C,1999q3,5.3111105,43.360973,3,3.6411092
70519,C,1999q4,4.5537519,1.4248972,4,3.8097005
70519,C,2000q1,4.4228983,43.360973,5,3.9277599
70519,C,2000q2,4.6382971,43.360973,6,3.9436862
70519,C,2000q3,4.0870767,43.360973,7,3.9728892
70519,C,2000q4,4.6448169,1.4365921,0,3.8797691
70519,C,2001q1,4.8162413,43.360973,0,3.9564536
70519,C,2001q2,4.3193803,43.360973,1,3.9446759
70519,C,2001q3,5.687108,43.360973,0,3.9132822
70519,C,2001q4,4.735714,1.4500458,0,3.9442115
70519,C,2002q1,4.8152032,1.6952837,0,3.8997335
70519,C,2002q2,6.0017395,1.6595981,0,3.7850711
70519,C,2002q3,7.3362803,1.7234478,0,3.6007795
70519,C,2002q4,6.6784787,1.4497542,0,3.6979268
70519,C,2003q1,6.8920531,1.3856771,0,3.7379861
70519,C,2003q2,5.9639325,1.3781356,0,3.7963166
70519,C,2003q3,5.7508345,1.4200004,0,3.8251314
70519,C,2003q4,5.6565804,1.5123347,0,3.8023982
70519,C,2004q1,5.5597525,1.4258918,0,3.7903087
70519,C,2004q2,6.3987412,1.4097662,0,3.7736449
70519,C,2004q3,6.833168,1.405105,0,3.7194815
70519,C,2004q4,6.4983096,1.4985744,0,3.6353474
70519,C,2005q1,6.883697,1.7478182,0,3.6585135
70519,C,2005q2,6.9657893,1.7836007,0,3.6616862
70519,C,2005q3,6.7828841,1.8556253,0,3.5840287
70519,C,2005q4,6.6270108,1.5154642,0,3.5788355
70519,C,2006q1,7.2434983,1.7776444,0,3.5057333
70519,C,2006q2,7.2999582,1.7984544,0,3.5262291
70519,C,2006q3,7.6325254,1.7840109,0,3.5173752
70519,C,2006q4,7.4471731,1.472342,0,3.4792778
70519,C,2007q1,8.4750252,1.8311094,0,3.4776564
70519,C,2007q2,9.2502499,1.9545834,0,3.4771624
70519,C,2007q3,10.610312,1.9781339,0,3.4459906
70519,C,2007q4,15.143264,1.4536458,0,3.2476833
70519,C,2008q1,19.439058,1.6876354,0,3.0175064
70519,C,2008q2,24.040222,1.7313994,0,2.9899962
70519,C,2008q3,18.227638,1.7614822,0,2.9598348
70519,C,2008q4,50.139084,1.6153406,0,2.7380531
70519,C,2009q1,,1.9554173,0,1.8877876
70519,C,2009q2,,2.0252504,0,1.683045
70519,C,2009q3,16.782431,2.1528578,0,1.9977956
70519,C,2009q4,23.515244,1.7811451,0,2.9602184
70519,C,2010q1,17.001513,2.1241701,0,2.9222872
70519,C,2010q2,17.361774,2.1458936,0,3.0822713
70519,C,2010q3,17.068701,2.0842822,0,3.0924354
70519,C,2010q4,13.739266,1.8406744,0,3.1013291
70519,C,2011q1,14.805139,2.2286849,0,3.0578318
70519,C,2011q2,15.7122,2.1658227,0,2.9557269
70519,C,2011q3,24.528811,2.1659994,0,2.8279271
70519,C,2011q4,23.049028,1.7599726,0,2.716083
70519,C,2012q1,17.454847,2.1623514,0,2.7413318
70519,C,2012q2,22.556934,2.0684469,0,2.6336443
70519,C,2012q3,19.181902,2.0431881,0,2.5799353
70519,C,2012q4,15.443611,1.6130891,0,2.7278588
70519,C,2013q1,13.546486,1.7144282,0,2.7977047
70519,C,2013q2,12.564667,1.7243352,0,2.8408277
72726,STT,1984q2,14.435321,1.9036148,0,-1.2416617
72726,STT,1984q3,12.426131,1.7877305,0,-1.2323091
72726,STT,1984q4,12.209067,1.9397041,0,-1.1487042
72726,STT,1985q1,10.943785,1.8293713,0,-.95489234
72726,STT,1985q2,9.3791466,1.8376887,0,-.87064588
72726,STT,1985q3,11.547584,1.8811691,0,-.8658244
72726,STT,1985q4,10.000587,1.864627,0,-.75743079
72726,STT,1986q1,8.5553989,1.9035643,0,-.6334483
72726,STT,1986q2,7.6800327,1.9613388,0,-.56191987
72726,STT,1986q3,8.6488008,1.6733861,0,-.56679797
72726,STT,1986q4,9.2900991,1.8744899,0,-.52550071
72726,STT,1987q1,6.6096144,1.8881422,1,-.36674598
72726,STT,1987q2,7.0912766,1.7691102,0,-.32064754
72726,STT,1987q3,7.2981329,1.7732184,0,-.2989915
72726,STT,1987q4,9.8756762,1.6757268,0,-.39273849
72726,STT,1988q1,8.8746843,1.8840837,0,-.3092148
72726,STT,1988q2,9.1691551,1.8455415,0,-.38483676
72726,STT,1988q3,8.2314224,1.6948237,0,-.34693065
72726,STT,1988q4,9.3998995,1.8427947,0,-.3535406
72726,STT,1989q1,8.2537851,1.8506981,0,-.32736376
72726,STT,1989q2,7.9491692,1.9771777,0,-.28414497
72726,STT,1989q3,6.5297661,1.8725922,0,-.26717839
72726,STT,1989q4,7.6375155,2.0358918,0,-.17539328
72726,STT,1990q1,8.1809978,2.121733,0,-.069614053
72726,STT,1990q2,7.5598578,2.137516,0,-.026623825
72726,STT,1990q3,11.530492,2.3884354,0,-.0091490168
72726,STT,1990q4,9.5952024,2.2076395,0,.0076571051
72726,STT,1991q1,7.1226811,2.1493158,0,.10736667
72726,STT,1991q2,7.7019925,2.3530898,0,.12539673
72726,STT,1991q3,7.1487203,2.5328956,1,.16956374
72726,STT,1991q4,6.9947047,2.8894358,2,.29753831
72726,STT,1992q1,7.1009879,2.9143069,3,.29826435
72726,STT,1992q2,7.0408282,3.1297534,4,.43918884
72726,STT,1992q3,6.6921134,2.8542607,5,.44870543
72726,STT,1992q4,5.7311344,2.7267435,6,.45108142
72726,STT,1993q1,5.9773865,2.8179014,7,.45761287
72726,STT,1993q2,7.8675656,2.7076335,0,.17696092
72726,STT,1993q3,7.7760725,2.6635377,0,.12058239
72726,STT,1993q4,7.1910095,2.2655306,0,.55452478
72726,STT,1994q1,9.0199585,2.0383863,0,.588929
72726,STT,1994q2,8.2091818,2.0292816,0,.655321
72726,STT,1994q3,8.575592,2.0109398,0,.64881617
72726,STT,1994q4,10.688312,1.8063227,0,.51471132
72726,STT,1995q1,9.4194813,1.872499,0,.49238926
72726,STT,1995q2,8.9070921,2.2533891,0,.51092869
72726,STT,1995q3,8.2546873,2.363775,0,.51554394
72726,STT,1995q4,7.5147338,2.3998179,0,.57717681
72726,STT,1996q1,7.231276,2.3330078,0,.57706255
72726,STT,1996q2,7.7055559,2.1843529,0,.64156651
72726,STT,1996q3,6.8417768,2.1869466,0,.64565229
72726,STT,1996q4,6.7443218,2.2151639,1,.71123594
72726,STT,1997q1,6.7366624,2.2045887,2,.77786893
72726,STT,1997q2,5.6991334,2.195189,3,.87982374
72726,STT,1997q3,4.422112,2.1684325,4,.92927307
72726,STT,1997q4,4.8450761,2.3006783,5,.96477705
72726,STT,1998q1,4.3704786,2.4540763,6,.94429302
72726,STT,1998q2,4.9760981,2.926754,7,.99673378
72726,STT,1998q3,6.4918356,2.9943199,0,.98579085
72726,STT,1998q4,4.9778299,2.867357,1,1.0913708
72726,STT,1999q1,4.5786548,2.8032904,2,1.1137431
72726,STT,1999q2,4.7004933,2.5015242,3,1.1384517
72726,STT,1999q3,6.039845,2.4544356,0,1.0040693
72726,STT,1999q4,5.9830942,3.1128151,0,1.0759705
72726,STT,2000q1,4.727118,2.7284203,1,1.2351459
72726,STT,2000q2,4.6157465,2.9850814,2,1.4258581
72726,STT,2000q3,3.9504931,3.0914409,3,1.396336
72726,STT,2000q4,4.2974305,3.4442346,4,1.443884
72726,STT,2001q1,5.2116003,2.804023,0,1.2568794
72726,STT,2001q2,5.1382542,2.9513137,0,1.2335694
72726,STT,2001q3,5.6650085,2.9757228,0,1.2141863
72726,STT,2001q4,4.8852677,2.6692126,0,1.2100736
72726,STT,2002q1,4.8482461,2.9064596,0,1.2539182
72726,STT,2002q2,6.2371831,2.9766548,0,1.1194998
72726,STT,2002q3,6.8467093,3.0180953,0,1.08279
72726,STT,2002q4,7.4035177,2.5984006,0,1.0936641
72726,STT,2003q1,8.1999636,2.3142788,0,1.071525
72726,STT,2003q2,6.9571319,2.2547753,0,.93641949
72726,STT,2003q3,6.1092815,1.9648246,0,1.0765866
72726,STT,2003q4,5.6988182,1.9495324,0,1.1257801
72726,STT,2004q1,5.9715424,2.3145883,0,1.1260067
72726,STT,2004q2,6.355885,2.290678,0,1.0653707
72726,STT,2004q3,7.571403,2.3702488,0,.97048968
72726,STT,2004q4,6.3660746,2.1167786,0,.88840878
72726,STT,2005q1,7.491138,1.8249344,0,.85176271
72726,STT,2005q2,7.1369829,1.6640702,0,.90817618
72726,STT,2005q3,7.137126,1.565488,0,.9254666
72726,STT,2005q4,6.0388212,1.4775579,0,1.0032929
72726,STT,2006q1,5.8606472,1.483915,0,1.0405549
72726,STT,2006q2,5.9760084,1.4550718,0,1.0527893
72726,STT,2006q3,6.0957432,1.4677976,0,1.0316291
72726,STT,2006q4,5.4697647,1.4275095,0,1.0059389
72726,STT,2007q1,5.7340202,1.3799362,0,1.0349268
72726,STT,2007q2,5.5427575,1.4000076,0,1.0315124
72726,STT,2007q3,5.8452296,1.4705393,0,1.1211834
72726,STT,2007q4,5.1850863,1.5225213,0,1.4186126
72726,STT,2008q1,5.6536646,1.603726,0,1.6199094
72726,STT,2008q2,5.841311,1.6785595,0,1.5758523
72726,STT,2008q3,12.096259,1.5811697,0,1.7029573
72726,STT,2008q4,10.468464,1.8107499,0,1.5709873
72726,STT,2009q1,10.611437,1.7735854,0,1.4600375
72726,STT,2009q2,7.15938,1.5870427,0,1.6865356
72726,STT,2009q3,6.7534528,1.5299855,0,1.7612308
72726,STT,2009q4,7.6606417,1.5340968,0,1.5108964
72726,STT,2010q1,7.1781268,1.5174639,0,1.4597671
72726,STT,2010q2,9.6053743,1.4854275,0,1.3174324
72726,STT,2010q3,9.2218876,1.520723,0,1.2942514
72726,STT,2010q4,7.134757,1.5185676,0,1.3398495
72726,STT,2011q1,7.7623706,1.4532996,0,1.2719383
72726,STT,2011q2,8.5073748,1.5398639,0,1.2722237
72726,STT,2011q3,12.668591,1.6185284,0,1.2105697
72726,STT,2011q4,10.955802,1.7893856,0,1.2746105
72726,STT,2012q1,8.5594006,1.5195363,0,1.2069609
72726,STT,2012q2,9.2931261,1.5550728,0,1.2237848
72726,STT,2012q3,10.141459,1.5603315,0,1.1312866
72726,STT,2012q4,10.231453,1.637656,0,1.0983438
72726,STT,2013q1,8.3089333,1.5897775,0,1.1776994
72726,STT,2013q2,7.9675803,1.5945618,0,1.200935
79323,ALL,1993q2,4.7157335,1.2517691,0,1.7545826
79323,ALL,1993q3,4.3904948,1.2308943,1,1.7916549
79323,ALL,1993q4,4.6955404,1.2736074,0,2.1336281
79323,ALL,1994q1,5.6809626,1.2124997,0,2.0343318
79323,ALL,1994q2,5.7685895,1.2073067,0,1.9581372
79323,ALL,1994q3,5.8564005,1.2053503,0,1.9865326
79323,ALL,1994q4,5.9586163,1.2348838,0,1.9960103
79323,ALL,1995q1,5.1052699,1.2138191,0,2.0391886
79323,ALL,1995q2,5.131207,1.2406958,0,2.0959241
79323,ALL,1995q3,4.5670543,1.248104,0,2.0650594
79323,ALL,1995q4,4.1154108,1.3064624,0,2.1674635
79323,ALL,1996q1,4.0941238,1.2653271,0,2.1914539
79323,ALL,1996q2,3.9109101,1.2571088,0,2.1371713
79323,ALL,1996q3,3.7151511,1.2581539,1,2.2173414
79323,ALL,1996q4,3.3724473,1.3267094,2,2.3084817
79323,ALL,1997q1,3.3180416,1.2829287,3,2.3238034
79323,ALL,1997q2,2.9768908,1.2873529,4,2.3507593
79323,ALL,1997q3,2.8557518,1.2918282,5,2.2921588
79323,ALL,1997q4,2.6828556,1.3436841,6,2.3318491
79323,ALL,1998q1,2.758671,1.3242269,7,2.3400424
79323,ALL,1998q2,2.7860496,1.3115621,0,2.2680237
79323,ALL,1998q3,3.0009236,1.3372115,0,2.2768257
79323,ALL,1998q4,3.2302532,1.3766681,0,2.2838297
79323,ALL,1999q1,3.388696,1.3366667,0,2.0462632
79323,ALL,1999q2,3.4938102,1.3232208,0,1.9486104
79323,ALL,1999q3,4.7398705,1.2972826,0,1.9230884
79323,ALL,1999q4,5.2063298,1.3202235,0,1.6799191
79323,ALL,2000q1,5.3689566,1.2803751,0,1.5761783
79323,ALL,2000q2,6.2682967,1.2881807,0,1.5468296
79323,ALL,2000q3,4.4846268,1.2962413,0,1.5463164
79323,ALL,2000q4,3.7421269,1.3095925,0,1.7959526
79323,ALL,2001q1,3.918438,1.2929252,0,1.8005934
79323,ALL,2001q2,3.8459637,1.2957178,0,1.8499843
79323,ALL,2001q3,4.4002676,1.2928054,0,1.6934669
79323,ALL,2001q4,4.8278208,1.2901187,0,1.6036683
79323,ALL,2002q1,4.5384583,1.2787315,0,1.5954406
79323,ALL,2002q2,4.7359571,1.2790494,0,1.6729257
79323,ALL,2002q3,4.9451475,1.2724915,0,1.7363546
79323,ALL,2002q4,4.8453455,1.2757317,0,1.8053393
79323,ALL,2003q1,5.3859363,1.2706598,0,1.7343811
79323,ALL,2003q2,5.2938285,1.2703875,0,1.6943854
79323,ALL,2003q3,5.314096,1.2677443,0,1.6447822
79323,ALL,2003q4,4.752409,1.2853283,0,1.6462219
79323,ALL,2004q1,4.6398177,1.271714,0,1.6979849
79323,ALL,2004q2,4.6421599,1.2571758,0,1.7264837
79323,ALL,2004q3,4.8108044,1.2698134,0,1.7656667
79323,ALL,2004q4,4.6037984,1.2846749,0,1.7022644
79323,ALL,2005q1,4.5443444,1.2612182,0,1.7224443
79323,ALL,2005q2,4.3214788,1.2531786,0,1.8178551
79323,ALL,2005q3,4.7647386,1.2184597,0,1.7880293
79323,ALL,2005q4,4.8744845,1.2381458,0,1.6729044
79323,ALL,2006q1,5.0840449,1.2504445,0,1.5915067
79323,ALL,2006q2,4.9250531,1.2461547,0,1.5829436
79323,ALL,2006q3,4.4977922,1.2484057,0,1.6289649
79323,ALL,2006q4,4.3351703,1.2498432,0,1.6314577
79323,ALL,2007q1,4.7027125,1.2382164,0,1.5686512
79323,ALL,2007q2,4.7197752,1.2524732,0,1.5338418
79323,ALL,2007q3,5.1170363,1.245851,0,1.4855958
79323,ALL,2007q4,5.5140486,1.2742203,0,1.4561877
79323,ALL,2008q1,5.8974547,1.2755919,0,1.4979585
79323,ALL,2008q2,6.2220564,1.310486,0,1.5530213
79323,ALL,2008q3,6.0705495,1.2828844,0,1.5874755
79323,ALL,2008q4,7.9572959,1.2933737,0,1.4151812
79323,ALL,2009q1,12.507711,1.2595259,0,1.4546077
79323,ALL,2009q2,10.018145,1.306838,0,1.3227679
79323,ALL,2009q3,8.1844721,1.299325,0,1.2362915
79323,ALL,2009q4,8.1954098,1.2747278,0,1.1891398
79323,ALL,2010q1,7.6233253,1.2857629,0,1.1685792
79323,ALL,2010q2,8.2972269,1.2963421,0,1.1346724
79323,ALL,2010q3,7.671742,1.3163102,0,1.1045966
79323,ALL,2010q4,7.5195551,1.3228816,0,1.0829049
79323,ALL,2011q1,7.5996909,1.3063794,0,.95870942
79323,ALL,2011q2,7.9154892,1.314442,0,.94901747
79323,ALL,2011q3,9.8948402,1.3377905,0,.89897048
79323,ALL,2011q4,8.716671,1.3085476,0,.91185862
79323,ALL,2012q1,7.5076842,1.3368826,0,.91631866
79323,ALL,2012q2,7.1618304,1.3497226,0,.96445411
79323,ALL,2012q3,6.5264072,1.3720274,0,1.012013
79323,ALL,2012q4,6.4961448,1.3578526,0,1.0141802
79323,ALL,2013q1,5.5241489,1.3723241,0,1.0102021
79323,ALL,2013q2,5.5058017,1.3498228,0,.9849534
80599,,1994q2,,,0,
80599,LEHMQ,1994q3,76.717369,2.013217,0,.0612275
80599,LEHMQ,1994q4,69.453835,1.8816875,0,.071223155
80599,LEHMQ,1995q1,66.215355,1.8689845,0,.19511089
80599,LEHMQ,1995q2,53.470749,1.915345,0,.23183504
80599,LEHMQ,1995q3,47.852341,1.928105,0,.23858294
80599,LEHMQ,1995q4,51.230492,1.8144237,0,.16069564
80599,LEHMQ,1996q1,45.770473,1.9678905,0,.17728336
80599,LEHMQ,1996q2,52.367462,1.8931832,0,.18047264
80599,LEHMQ,1996q3,47.927902,1.7975141,0,.028935682
80599,LEHMQ,1996q4,40.739712,1.6825991,1,.10210475
80599,LEHMQ,1997q1,50.337948,1.668095,0,.15011542
80599,LEHMQ,1997q2,35.357391,1.8259808,1,.26391211
80599,LEHMQ,1997q3,27.426395,1.8675371,2,.3422665
80599,LEHMQ,1997q4,25.444532,1.815739,3,.45017275
80599,LEHMQ,1998q1,20.171532,1.9228107,4,.64240044
80599,LEHMQ,1998q2,19.923801,1.9529397,0,.76654404
80599,LEHMQ,1998q3,56.331417,2.038775,0,.6334995
80599,LEHMQ,1998q4,30.054068,1.9189955,0,.29285556
80599,LEHMQ,1999q1,25.340672,2.1280723,0,.45094883
80599,LEHMQ,1999q2,26.176737,2.1524832,0,.44992808
80599,LEHMQ,1999q3,29.040436,2.1598961,0,.50903457
80599,LEHMQ,1999q4,19.296612,2.0624161,0,.81972635
80599,LEHMQ,2000q1,18.691885,2.3363335,0,.93618226
80599,LEHMQ,2000q2,20.806835,2.2970941,0,.95209646
80599,LEHMQ,2000q3,13.161087,2.2262251,1,1.2381258
80599,LEHMQ,2000q4,14.212617,2.2700825,2,1.1172029
80599,LEHMQ,2001q1,15.569996,2.2466295,0,1.3326713
80599,LEHMQ,2001q2,12.933001,2.3314989,1,1.2963784
80599,LEHMQ,2001q3,18.173277,2.3805921,0,1.226897
80599,LEHMQ,2001q4,16.035641,2.0694103,0,1.1784427
80599,LEHMQ,2002q1,16.924379,2.2484567,0,1.1019818
80599,LEHMQ,2002q2,17.967453,2.1717272,0,1.0769607
80599,LEHMQ,2002q3,22.457453,2.4800632,0,1.0917991
80599,LEHMQ,2002q4,20.868637,2.1852367,0,1.0846444
80599,LEHMQ,2003q1,19.502481,2.2947109,0,1.1400694
80599,LEHMQ,2003q2,19.168135,2.5501108,0,1.2449923
80599,LEHMQ,2003q3,18.02754,2.7002268,0,1.1552508
80599,LEHMQ,2003q4,15.25448,1.9230498,0,1.2011589
80599,LEHMQ,2004q1,14.678798,1.9095137,0,1.375613
80599,LEHMQ,2004q2,16.956951,1.9210458,0,1.3087583
80599,LEHMQ,2004q3,16.092766,1.8605908,0,1.265558
80599,LEHMQ,2004q4,15.521301,1.9136937,0,1.2856747
80599,LEHMQ,2005q1,14.386872,1.902483,0,1.3588116
80599,LEHMQ,2005q2,13.917423,1.825654,0,1.4145211
80599,LEHMQ,2005q3,12.730433,1.9471579,0,1.5178478
80599,LEHMQ,2005q4,12.452915,1.9257027,1,1.5884811
80599,LEHMQ,2006q1,11.854033,1.8798637,2,1.6748976
80599,LEHMQ,2006q2,13.449239,1.8645376,0,1.6500901
80599,LEHMQ,2006q3,12.625344,1.8579597,1,1.6029973
80599,LEHMQ,2006q4,12.697075,1.8499082,2,1.6432114
80599,LEHMQ,2007q1,15.468292,1.8185208,0,1.650081
80599,LEHMQ,2007q2,15.799406,1.7792594,0,1.5913026
80599,LEHMQ,2007q3,20.506907,1.8582498,0,1.4658328
80599,LEHMQ,2007q4,20.207708,1.9126223,0,1.5171797
80599,LEHMQ,2008q1,37.676182,1.9718956,0,1.5227468
80599,LEHMQ,2008q2,57.001163,2.1620986,0,1.2685096
80599,LEHMQ,2008q3,,43.360973,0,.60257095
80599,,2008q4,,,0,
80599,,2009q1,,,0,
80599,,2009q2,,,0,
80599,,2009q3,,,0,
80599,,2009q4,,,0,
80599,,2010q1,,,0,
80599,,2010q2,,,0,
80599,,2010q3,,,0,
81055,COF,1994q4,3.4761066,1.4797894,0,-.35156882
81055,COF,1995q1,3.6066887,3.8440547,0,-.28238052
81055,COF,1995q2,3.8500021,4.8851476,0,-.19345672
81055,COF,1995q3,3.3672721,5.0529051,0,-.10933352
81055,COF,1995q4,3.6338298,3.4012134,0,-.15238664
81055,COF,1996q1,3.0408218,10.000917,0,-.21688078
81055,COF,1996q2,3.6554923,6.79356,0,-.13533512
81055,COF,1996q3,3.9763896,4.5558467,0,-.13026007
81055,COF,1996q4,3.4009182,3.9986651,0,-.10053041
81055,COF,1997q1,3.1773965,7.3800702,0,-.073676996
81055,COF,1997q2,3.1314025,6.0441194,0,-.2198581
81055,COF,1997q3,2.7973275,4.12077,1,-.28390259
81055,COF,1997q4,2.7389216,2.4862702,2,-.13045067
81055,COF,1998q1,2.2079737,3.2358947,3,.14483327
81055,COF,1998q2,1.8081779,2.9030035,4,.46175951
81055,COF,1998q3,2.0981264,2.7055116,0,.67496789
81055,COF,1998q4,2.0802946,2.0622284,0,.6379621
81055,COF,1999q1,1.8881927,2.4899352,0,.75132447
81055,COF,1999q2,1.8344193,2.3821297,1,.90124995
81055,COF,1999q3,2.2900596,2.1076746,0,.76239455
81055,COF,1999q4,2.2440875,1.8485149,0,.8591876
81055,COF,2000q1,2.1621144,2.5047672,0,.78305107
81055,COF,2000q2,2.5427394,2.3849494,0,.81216043
81055,COF,2000q3,2.0644076,2.2010601,1,.92769229
81055,COF,2000q4,2.3059435,1.5382044,0,.92191529
81055,COF,2001q1,2.5958321,1.9483769,0,.8993153
81055,COF,2001q2,2.5093546,1.866652,0,.97962111
81055,COF,2001q3,3.1163905,1.8477734,0,.9227758
81055,COF,2001q4,3.1445677,1.6801215,0,.77858567
81055,COF,2002q1,2.968091,1.8594788,0,.84523338
81055,COF,2002q2,3.2215922,1.8760669,0,.96157038
81055,COF,2002q3,5.2103057,1.8791953,0,.5839144
81055,COF,2002q4,5.9681177,1.6534989,0,.44769388
81055,COF,2003q1,5.8547978,1.9100218,0,.51018459
81055,COF,2003q2,4.1481853,2.0553882,0,.76010799
81055,COF,2003q3,3.9179127,1.9171486,0,.86264491
81055,COF,2003q4,3.8426111,1.7519503,0,.9174239
81055,COF,2004q1,3.3474674,1.9614816,0,1.0466422
81055,COF,2004q2,3.6135721,1.962339,0,1.0790972
81055,COF,2004q3,3.4669614,1.9153609,0,1.0841655
81055,COF,2004q4,3.2192194,1.6168896,0,1.0994462
81055,COF,2005q1,3.5192106,1.9649564,0,1.0900764
81055,COF,2005q2,3.3093991,2.0641105,0,1.077294
81055,COF,2005q3,3.3574221,2.2784839,0,1.1842979
81055,COF,2005q4,4.237329,1.6347212,0,1.1578504
81055,COF,2006q1,4.0494232,1.9183887,0,1.212224
81055,COF,2006q2,3.8241584,1.8381007,0,1.274859
81055,COF,2006q3,4.2487721,2.0494452,0,1.1929386
81055,COF,2006q4,4.9654541,1.5182964,0,1.1213106
81055,COF,2007q1,4.9522958,1.8229166,0,1.3849068
81055,COF,2007q2,4.7041278,1.7415097,0,1.3636513
81055,COF,2007q3,5.4101634,1.7432182,0,1.3178315
81055,COF,2007q4,7.3854108,1.5048923,0,1.1773341
81055,COF,2008q1,7.8571839,1.6799437,0,1.0932246
81055,COF,2008q2,9.8487282,1.6100022,0,1.1338524
81055,COF,2008q3,6.8007054,1.5584744,0,1.1861547
81055,COF,2008q4,12.153028,1.490765,0,1.3727231
81055,COF,2009q1,32.395859,1.4779743,0,.85543519
81055,COF,2009q2,15.832691,1.45126,0,.92838162
81055,COF,2009q3,9.7526236,1.4424284,0,1.2203463
81055,COF,2009q4,9.2989254,1.4723393,0,1.2716674
81055,COF,2010q1,10.330566,1.7781129,0,1.2287469
81055,COF,2010q2,10.360562,1.6983334,0,1.270961
81055,COF,2010q3,10.458538,1.6430526,0,1.2624311
81055,COF,2010q4,9.7912788,1.4993016,0,1.1516762
81055,COF,2011q1,8.2066422,1.6519815,0,1.2469797
81055,COF,2011q2,8.2078114,1.5805744,0,1.3181852
81055,COF,2011q3,10.380394,1.5649644,0,1.3146064
81055,COF,2011q4,10.071777,1.4795858,0,1.3033022
81055,COF,2012q1,8.9643841,1.5589666,0,1.3773848
81055,COF,2012q2,9.1767759,1.3949437,0,1.5852869
81055,COF,2012q3,8.9195414,1.4130387,0,1.6035502
81055,COF,2012q4,9.0843801,1.3590949,0,1.5701035
81055,COF,2013q1,9.0680304,1.4095336,0,1.4159185
81055,COF,2013q2,7.9635348,1.3842484,0,1.3943368
86868,GS,1999q2,8.4950409,1.2011018,0,1.9208089
86868,GS,1999q3,8.9876242,1.4786563,0,1.9654649
86868,GS,1999q4,6.7828012,1.4501126,0,2.1344135
86868,GS,2000q1,6.7209578,1.4466621,1,2.4363439
86868,GS,2000q2,7.3634839,1.4603175,0,2.2707481
86868,GS,2000q3,6.1484346,1.5682164,0,2.4011486
86868,GS,2000q4,6.7137833,1.5493945,0,2.184422
86868,GS,2001q1,8.012166,1.5829538,0,2.275171
86868,GS,2001q2,7.748508,1.4777863,0,2.2124152
86868,GS,2001q3,9.1986723,1.6022418,0,2.0897505
86868,GS,2001q4,7.6239057,1.5135862,0,2.1597643
86868,GS,2002q1,7.8110652,1.5392467,0,2.1250036
86868,GS,2002q2,9.8712301,1.5379026,0,1.9747146
86868,GS,2002q3,11.399653,1.4942117,0,2.0369701
86868,GS,2002q4,11.431008,1.5672544,0,2.0475488
86868,GS,2003q1,11.969594,1.483765,0,2.0471256
86868,GS,2003q2,10.780759,1.4610933,0,2.0745738
86868,GS,2003q3,10.395791,1.515785,0,2.1075141
86868,GS,2003q4,9.1754999,1.5469625,0,2.0938282
86868,GS,2004q1,9.3486004,1.5944299,0,2.1333241
86868,GS,2004q2,10.788168,1.6159222,0,2.1000791
86868,GS,2004q3,11.222275,1.6549104,0,2.0408344
86868,GS,2004q4,11.050677,1.6161015,0,2.0658004
86868,GS,2005q1,11.76496,1.6663518,0,2.0999033
86868,GS,2005q2,13.338155,1.6851343,0,2.0611315
86868,GS,2005q3,12.372265,1.6890684,0,2.098572
86868,GS,2005q4,12.790583,1.6304214,0,2.1461058
86868,GS,2006q1,11.618649,1.6814637,0,2.1888604
86868,GS,2006q2,12.802595,1.6780174,0,2.2394779
86868,GS,2006q3,11.472627,1.7125397,0,2.223079
86868,GS,2006q4,10.452453,1.7317129,0,2.3511634
86868,GS,2007q1,10.668039,1.6544614,0,2.3927407
86868,GS,2007q2,11.218875,1.6206228,0,2.4312901
86868,GS,2007q3,12.449511,1.6682959,0,2.3399966
86868,GS,2007q4,13.593497,1.6915755,0,2.5186491
86868,GS,2008q1,18.542807,1.636291,0,2.4606342
86868,GS,2008q2,16.132502,1.7666584,0,2.5001991
86868,GS,2008q3,21.489176,1.8276001,0,2.5198867
86868,GS,2008q4,22.9814,2.267633,0,2.2254558
86868,GS,2009q1,18.587572,2.2557318,0,2.6816599
86868,GS,2009q2,12.138266,2.1860416,0,2.9538739
86868,GS,2009q3,9.6669598,2.1838262,0,2.9660349
86868,GS,2009q4,9.9660072,2.3405724,0,2.9082148
86868,GS,2010q1,9.9834442,2.3325863,0,2.7959266
86868,GS,2010q2,12.977104,2.452687,0,2.6551232
86868,GS,2010q3,12.174339,2.4590461,0,2.6777844
86868,GS,2010q4,10.700709,2.5046568,0,2.6831057
86868,GS,2011q1,11.427557,2.2248816,0,2.5678034
86868,GS,2011q2,13.546979,2.2733691,0,2.4595275
86868,GS,2011q3,19.376602,2.4562709,0,2.3735938
86868,GS,2011q4,20.156527,2.5428922,0,2.2079542
86868,GS,2012q1,15.285275,2.327373,0,2.2030778
86868,GS,2012q2,19.573877,2.2776258,0,2.0964355
86868,GS,2012q3,17.06455,2.1835809,0,2.0575757
86868,GS,2012q4,15.393591,2.219357,0,2.0967495
86868,GS,2013q1,13.876072,2.1646392,0,2.1780894
86868,GS,2013q2,13.40702,2.2733197,0,2.1080599
87842,MET,2000q2,15.57955,1.0995069,0,1.2692436
87842,MET,2000q3,12.93874,1.0970049,0,1.3785374
87842,MET,2000q4,9.9175215,1.1228238,1,1.5751773
87842,MET,2001q1,11.422028,1.1124648,0,1.6169354
87842,MET,2001q2,11.247418,1.1123885,0,1.5385818
87842,MET,2001q3,11.804381,1.114274,0,1.5262246
87842,MET,2001q4,11.488959,1.1497713,0,1.4549187
87842,MET,2002q1,11.904161,1.1138618,0,1.4976215
87842,MET,2002q2,13.063498,1.1135404,0,1.4780413
87842,MET,2002q3,16.703352,1.1170386,0,1.3895034
87842,MET,2002q4,14.73081,1.1303197,0,1.3963155
87842,MET,2003q1,15.551733,1.1239989,0,1.4904759
87842,MET,2003q2,15.58058,1.1266009,0,1.4288443
87842,MET,2003q3,14.792208,1.1237954,0,1.4102297
87842,MET,2003q4,12.943572,1.1319364,0,1.4782618
87842,MET,2004q1,12.663481,1.1089287,0,1.5055299
87842,MET,2004q2,12.69556,1.1131008,0,1.5420197
87842,MET,2004q3,12.147676,1.1150303,0,1.5779146
87842,MET,2004q4,12.076292,1.1355971,0,1.5370998
87842,MET,2005q1,12.831168,1.1147754,0,1.5348579
87842,MET,2005q2,11.719277,1.1708741,0,1.6002176
87842,MET,2005q3,13.045506,1.1230386,0,1.7159251
87842,MET,2005q4,13.19579,1.1312222,0,1.7219994
87842,MET,2006q1,13.807441,1.1120909,0,1.6785235
87842,MET,2006q2,13.165401,1.109907,0,1.6867422
87842,MET,2006q3,12.25811,1.1248088,0,1.7393894
87842,MET,2006q4,12.009842,1.1414522,0,1.7331966
87842,MET,2007q1,11.565544,1.1215125,0,1.7801026
87842,MET,2007q2,11.853655,1.1224884,0,1.8071623
87842,MET,2007q3,11.199362,1.1251234,1,1.835281
87842,MET,2007q4,12.468762,1.1506659,0,1.9131812
87842,MET,2008q1,13.222155,1.1375567,0,1.9363009
87842,MET,2008q2,14.959612,1.1444329,0,1.9884081
87842,MET,2008q3,13.414981,1.1579353,0,1.9993652
87842,MET,2008q4,18.276386,1.2078934,0,1.8323574
87842,MET,2009q1,26.139866,1.1753894,0,1.9702642
87842,MET,2009q2,20.629299,1.1776221,0,1.9467696
87842,MET,2009q3,17.072985,1.1929767,0,1.9035821
87842,MET,2009q4,18.488544,1.1798033,0,1.792159
87842,MET,2010q1,15.864872,1.1952677,0,1.80005
87842,MET,2010q2,18.260262,1.2152996,0,1.8500021
87842,MET,2010q3,19.095549,1.2376859,0,1.8342247
87842,MET,2010q4,16.582623,1.1865338,0,1.880721
87842,MET,2011q1,16.848145,1.183475,0,1.9489055
87842,MET,2011q2,16.48712,1.1906484,0,1.9350415
87842,MET,2011q3,25.472385,1.2052685,0,1.8935877
87842,MET,2011q4,23.434647,1.2030026,0,1.8255821
87842,MET,2012q1,20.157822,1.2061088,0,1.8444414
87842,MET,2012q2,24.281368,1.2077465,0,1.7038352
87842,MET,2012q3,22.369551,1.237561,0,1.6776046
87842,MET,2012q4,22.489977,1.2146026,0,1.6303142
87842,MET,2013q1,19.638596,1.1979934,0,1.6293657
87842,MET,2013q2,16.080667,1.1888539,0,1.6681142
89258,PRU,2001q4,15.502252,1.3084033,0,1.2932994
89258,PRU,2002q1,16.316002,1.2703344,0,1.262504
89258,PRU,2002q2,15.184997,1.2513566,0,1.3260504
89258,PRU,2002q3,17.33614,1.252333,0,1.3599921
89258,PRU,2002q4,16.104763,1.2125151,0,1.3530054
89258,PRU,2003q1,18.095835,1.2218456,0,1.4271603
89258,PRU,2003q2,17.97048,1.2009091,0,1.337128
89258,PRU,2003q3,15.924283,1.1556383,0,1.3719201
89258,PRU,2003q4,14.336596,1.1935861,0,1.3540611
89258,PRU,2004q1,14.088786,1.1474969,0,1.4247551
89258,PRU,2004q2,15.485653,1.1570336,1,1.4181924
89258,PRU,2004q3,15.757826,1.160926,0,1.4523292
89258,PRU,2004q4,14.484776,1.1994401,1,1.406195
89258,PRU,2005q1,13.658888,1.1643538,2,1.5022796
89258,PRU,2005q2,12.303129,1.1672292,3,1.6207675
89258,PRU,2005q3,12.294649,1.1656929,4,1.6713809
89258,PRU,2005q4,11.687305,1.1846558,5,1.7048894
89258,PRU,2006q1,11.962177,1.1610242,6,1.6818941
89258,PRU,2006q2,11.965173,1.1564391,7,1.666554
89258,PRU,2006q3,12.457239,1.1641958,0,1.6349981
89258,PRU,2006q4,11.532821,1.1841995,1,1.6081178
89258,PRU,2007q1,11.306912,1.1608666,2,1.6712044
89258,PRU,2007q2,10.748877,1.163049,3,1.7237166
89258,PRU,2007q3,11.124871,1.1606895,4,1.7136813
89258,PRU,2007q4,11.994344,1.1948792,0,1.8172166
89258,PRU,2008q1,14.287673,1.1740075,0,1.7366874
89258,PRU,2008q2,18.473646,1.1825659,0,1.7174566
89258,PRU,2008q3,15.434608,1.1907265,0,1.7768476
89258,PRU,2008q4,34.797844,1.2161429,0,1.2664782
89258,PRU,2009q1,52.617462,1.2304764,0,1.2610459
89258,PRU,2009q2,26.134764,1.2393121,0,1.4385332
89258,PRU,2009q3,20.608788,1.2446356,0,1.5811487
89258,PRU,2009q4,20.79232,1.2365371,0,1.5411719
89258,PRU,2010q1,17.577639,1.2461516,0,1.5649422
89258,PRU,2010q2,19.726786,1.2609875,0,1.6289195
89258,PRU,2010q3,20.583389,1.2505049,0,1.5949066
89258,PRU,2010q4,18.881788,1.2350276,0,1.5141597
89258,PRU,2011q1,19.944424,1.219593,0,1.5442263
89258,PRU,2011q2,19.71344,1.2269282,0,1.5496173
89258,PRU,2011q3,26.32266,1.2436705,0,1.5249132
89258,PRU,2011q4,25.93157,1.2340215,0,1.5018855
89258,PRU,2012q1,21.24157,1.2345009,0,1.5065619
89258,PRU,2012q2,27.946419,1.2388695,0,1.362301
89258,PRU,2012q3,26.027954,1.2297453,0,1.314178
89258,PRU,2012q4,28.222603,1.2204845,0,1.2635695
89258,PRU,2013q1,25.924686,1.2233599,0,1.2112424
89258,PRU,2013q2,20.786005,1.2094936,0,1.2625991
